freq,lo,pos,neg
0,0,0,0
0.1,0,0,0
0.2,0,0,0
0.3,0,0,0
0.4,0,0,0
0.5,0,0,0
0.6,0,0,0
0.7,0,0,0
0.8,0,0,0
0.9,0,0,0
1,1,1,1
1.1,1,1,1
1.2,1,1,1
1.3,1,1,1
1.4,1,1,1
1.5,1,1,1
1.6,1,1,1
1.7,1,1,1
1.8,1,1,1
1.9,1,1,1
2,1,1,1
2.1,1,1,1
2.2,1,1,1
2.3,1,1,1
2.4,1,1,1
2.5,1,1,1
2.6,1,1,1
2.7,1,1,1
2.8,1,1,1
2.9,1,1,1
3,2,2,2
3.1,2,2,2
3.2,2,2,2
3.3,2,2,2
3.4,2,2,2
3.5,2,2,2
3.6,2,2,2
3.7,2,2,2
3.8,2,2,2
3.9,2,2,2
4,2,2,2
4.1,2,2,2
4.2,2,2,2
4.3,2,2,2
4.4,2,2,2
4.5,2,2,2
4.6,2,2,2
4.7,2,2,2
4.8,2,2,2
4.9,2,2,2
5,3,3,3
5.1,3,3,3
5.2,3,3,3
5.3,3,3,3
5.4,3,3,3
5.5,3,3,3
5.6,3,3,3
5.7,3,3,3
5.8,3,3,3
5.9,3,3,3
6,3,3,3
6.1,3,3,3
6.2,3,3,3
6.3,3,3,3
6.4,3,3,3
6.5,3,3,3
6.6,3,3,3
6.7,3,3,3
6.8,3,3,3
6.9,3,3,3
7,4,4,4
7.1,4,4,4
7.2,4,4,4
7.3,4,4,4
7.4,4,4,4
7.5,4,4,4
7.6,4,4,4
7.7,4,4,4
7.8,4,4,4
7.9,4,4,4
8,4,4,4
8.1,4,4,4
8.2,4,4,4
8.3,4,4,4
8.4,4,4,4
8.5,4,4,4
8.6,4,4,4
8.7,4,4,4
8.8,4,4,4
8.9,4,4,4
9,5,5,5
9.1,5,5,5
9.2,5,5,5
9.3,5,5,5
9.4,5,5,5
9.5,5,5,5
9.6,5,5,5
9.7,5,5,5
9.8,5,5,5
9.9,5,5,5
10,5,5,5
10.1,5,5,5
10.2,5,5,5
10.3,5,5,5
10.4,5,5,5
10.5,5,5,5
10.6,5,5,5
10.7,5,5,5
10.8,5,5,5
10.9,5,5,5
11,6,6,6
11.1,6,6,6
11.2,6,6,6
11.3,6,6,6
11.4,6,6,6
11.5,6,6,6
11.6,6,6,6
11.7,6,6,6
11.8,6,6,6
11.9,6,6,6
12,6,6,6
12.1,6,6,6
12.2,6,6,6
12.3,6,6,6
12.4,6,6,6
12.5,6,7,5
12.6,6,7,5
12.7,6,7,5
12.8,6,7,5
12.9,6,7,5
13,6,7,5
13.1,6,7,5
13.2,6,7,5
13.3,6,7,5
13.4,6,7,5
13.5,6,7,5
13.6,6,7,5
13.7,6,7,5
13.8,6,7,5
13.9,6,7,5
14,6,7,5
14.1,5,6,4
14.2,5,6,4
14.3,5,6,4
14.4,5,6,4
14.5,5,6,4
14.6,5,6,4
14.7,5,6,4
14.8,5,6,4
14.9,5,6,4
15,5,6,4
15.1,5,6,4
15.2,5,6,4
15.3,5,6,4
15.4,5,6,4
15.5,5,6,4
15.6,5,6,4
15.7,5,6,4
15.8,5,6,4
15.9,5,6,4
16,5,6,4
16.1,4,5,3
16.2,4,5,3
16.3,4,5,3
16.4,4,5,3
16.5,4,5,3
16.6,4,5,3
16.7,4,5,3
16.8,4,5,3
16.9,4,5,3
17,4,5,3
17.1,4,5,3
17.2,4,5,3
17.3,4,5,3
17.4,4,5,3
17.5,4,5,3
17.6,4,5,3
17.7,4,5,3
17.8,4,5,3
17.9,4,5,3
18,4,5,3
18.1,3,4,2
18.2,3,4,2
18.3,3,4,2
18.4,3,4,2
18.5,3,4,2
18.6,3,4,2
18.7,3,4,2
18.8,3,4,2
18.9,3,4,2
19,3,4,2
19.1,3,4,2
19.2,3,4,2
19.3,3,4,2
19.4,3,4,2
19.5,3,4,2
19.6,3,4,2
19.7,3,4,2
19.8,3,4,2
19.9,3,4,2
20,3,4,2
20.1,2,3,1
20.2,2,3,1
20.3,2,3,1
20.4,2,3,1
20.5,2,3,1
20.6,2,3,1
20.7,2,3,1
20.8,2,3,1
20.9,2,3,1
21,2,3,1
21.1,2,3,1
21.2,2,3,1
21.3,2,3,1
21.4,2,3,1
21.5,2,3,1
21.6,2,3,1
21.7,2,3,1
21.8,2,3,1
21.9,2,3,1
22,2,3,1
22.1,1,2,0
22.2,1,2,0
22.3,1,2,0
22.4,1,2,0
22.5,1,2,0
22.6,1,2,0
22.7,1,2,0
22.8,1,2,0
22.9,1,2,0
23,1,2,0
23.1,1,2,0
23.2,1,2,0
23.3,1,2,0
23.4,1,2,0
23.5,1,2,0
23.6,1,2,0
23.7,1,2,0
23.8,1,2,0
23.9,1,2,0
24,1,2,0
24.1,0,1,-1
24.2,0,1,-1
24.3,0,1,-1
24.4,0,1,-1
24.5,0,1,-1
24.6,0,1,-1
24.7,0,1,-1
24.8,0,1,-1
24.9,0,1,-1
25,0,-1,1
25.1,0,-1,1
25.2,0,-1,1
25.3,0,-1,1
25.4,0,-1,1
25.5,0,-1,1
25.6,0,-1,1
25.7,0,-1,1
25.8,0,-1,1
25.9,0,-1,1
26,1,0,2
26.1,1,0,2
26.2,1,0,2
26.3,1,0,2
26.4,1,0,2
26.5,1,0,2
26.6,1,0,2
26.7,1,0,2
26.8,1,0,2
26.9,1,0,2
27,1,0,2
27.1,1,0,2
27.2,1,0,2
27.3,1,0,2
27.4,1,0,2
27.5,1,0,2
27.6,1,0,2
27.7,1,0,2
27.8,1,0,2
27.9,1,0,2
28,2,1,3
28.1,2,1,3
28.2,2,1,3
28.3,2,1,3
28.4,2,1,3
28.5,2,1,3
28.6,2,1,3
28.7,2,1,3
28.8,2,1,3
28.9,2,1,3
29,2,1,3
29.1,2,1,3
29.2,2,1,3
29.3,2,1,3
29.4,2,1,3
29.5,2,1,3
29.6,2,1,3
29.7,2,1,3
29.8,2,1,3
29.9,2,1,3
30,3,2,4
30.1,3,2,4
30.2,3,2,4
30.3,3,2,4
30.4,3,2,4
30.5,3,2,4
30.6,3,2,4
30.7,3,2,4
30.8,3,2,4
30.9,3,2,4
31,3,2,4
31.1,3,2,4
31.2,3,2,4
31.3,3,2,4
31.4,3,2,4
31.5,3,2,4
31.6,3,2,4
31.7,3,2,4
31.8,3,2,4
31.9,3,2,4
32,4,3,5
32.1,4,3,5
32.2,4,3,5
32.3,4,3,5
32.4,4,3,5
32.5,4,3,5
32.6,4,3,5
32.7,4,3,5
32.8,4,3,5
32.9,4,3,5
33,4,3,5
33.1,4,3,5
33.2,4,3,5
33.3,4,3,5
33.4,4,3,5
33.5,4,3,5
33.6,4,3,5
33.7,4,3,5
33.8,4,3,5
33.9,4,3,5
34,5,4,6
34.1,5,4,6
34.2,5,4,6
34.3,5,4,6
34.4,5,4,6
34.5,5,4,6
34.6,5,4,6
34.7,5,4,6
34.8,5,4,6
34.9,5,4,6
35,5,4,6
35.1,5,4,6
35.2,5,4,6
35.3,5,4,6
35.4,5,4,6
35.5,5,4,6
35.6,5,4,6
35.7,5,4,6
35.8,5,4,6
35.9,5,4,6
36,6,5,7
36.1,6,5,7
36.2,6,5,7
36.3,6,5,7
36.4,6,5,7
36.5,6,5,7
36.6,6,5,7
36.7,6,5,7
36.8,6,5,7
36.9,6,5,7
37,6,5,7
37.1,6,5,7
37.2,6,5,7
37.3,6,5,7
37.4,6,5,7
37.5,6,4,8
37.6,6,4,8
37.7,6,4,8
37.8,6,4,8
37.9,6,4,8
38,6,4,8
38.1,6,4,8
38.2,6,4,8
38.3,6,4,8
38.4,6,4,8
38.5,6,4,8
38.6,6,4,8
38.7,6,4,8
38.8,6,4,8
38.9,6,4,8
39,6,4,8
39.1,5,3,7
39.2,5,3,7
39.3,5,3,7
39.4,5,3,7
39.5,5,3,7
39.6,5,3,7
39.7,5,3,7
39.8,5,3,7
39.9,5,3,7
40,5,3,7
40.1,5,3,7
40.2,5,3,7
40.3,5,3,7
40.4,5,3,7
40.5,5,3,7
40.6,5,3,7
40.7,5,3,7
40.8,5,3,7
40.9,5,3,7
41,5,3,7
41.1,4,2,6
41.2,4,2,6
41.3,4,2,6
41.4,4,2,6
41.5,4,2,6
41.6,4,2,6
41.7,4,2,6
41.8,4,2,6
41.9,4,2,6
42,4,2,6
42.1,4,2,6
42.2,4,2,6
42.3,4,2,6
42.4,4,2,6
42.5,4,2,6
42.6,4,2,6
42.7,4,2,6
42.8,4,2,6
42.9,4,2,6
43,4,2,6
43.1,3,1,5
43.2,3,1,5
43.3,3,1,5
43.4,3,1,5
43.5,3,1,5
43.6,3,1,5
43.7,3,1,5
43.8,3,1,5
43.9,3,1,5
44,3,1,5
44.1,3,1,5
44.2,3,1,5
44.3,3,1,5
44.4,3,1,5
44.5,3,1,5
44.6,3,1,5
44.7,3,1,5
44.8,3,1,5
44.9,3,1,5
45,3,1,5
45.1,2,0,4
45.2,2,0,4
45.3,2,0,4
45.4,2,0,4
45.5,2,0,4
45.6,2,0,4
45.7,2,0,4
45.8,2,0,4
45.9,2,0,4
46,2,0,4
46.1,2,0,4
46.2,2,0,4
46.3,2,0,4
46.4,2,0,4
46.5,2,0,4
46.6,2,0,4
46.7,2,0,4
46.8,2,0,4
46.9,2,0,4
47,2,0,4
47.1,1,-1,3
47.2,1,-1,3
47.3,1,-1,3
47.4,1,-1,3
47.5,1,-1,3
47.6,1,-1,3
47.7,1,-1,3
47.8,1,-1,3
47.9,1,-1,3
48,1,-1,3
48.1,1,-1,3
48.2,1,-1,3
48.3,1,-1,3
48.4,1,-1,3
48.5,1,-1,3
48.6,1,-1,3
48.7,1,-1,3
48.8,1,-1,3
48.9,1,-1,3
49,1,-1,3
49.1,0,-2,2
49.2,0,-2,2
49.3,0,-2,2
49.4,0,-2,2
49.5,0,-2,2
49.6,0,-2,2
49.7,0,-2,2
49.8,0,-2,2
49.9,0,-2,2
50,0,-2,2
50.1,0,-2,2
50.2,0,-2,2
50.3,0,-2,2
50.4,0,-2,2
50.5,0,-2,2
50.6,0,-2,2
50.7,0,-2,2
50.8,0,-2,2
50.9,0,-2,2
51,1,-1,3
51.1,1,-1,3
51.2,1,-1,3
51.3,1,-1,3
51.4,1,-1,3
51.5,1,-1,3
51.6,1,-1,3
51.7,1,-1,3
51.8,1,-1,3
51.9,1,-1,3
52,1,-1,3
52.1,1,-1,3
52.2,1,-1,3
52.3,1,-1,3
52.4,1,-1,3
52.5,1,-1,3
52.6,1,-1,3
52.7,1,-1,3
52.8,1,-1,3
52.9,1,-1,3
53,2,0,4
53.1,2,0,4
53.2,2,0,4
53.3,2,0,4
53.4,2,0,4
53.5,2,0,4
53.6,2,0,4
53.7,2,0,4
53.8,2,0,4
53.9,2,0,4
54,2,0,4
54.1,2,0,4
54.2,2,0,4
54.3,2,0,4
54.4,2,0,4
54.5,2,0,4
54.6,2,0,4
54.7,2,0,4
54.8,2,0,4
54.9,2,0,4
55,3,1,5
55.1,3,1,5
55.2,3,1,5
55.3,3,1,5
55.4,3,1,5
55.5,3,1,5
55.6,3,1,5
55.7,3,1,5
55.8,3,1,5
55.9,3,1,5
56,3,1,5
56.1,3,1,5
56.2,3,1,5
56.3,3,1,5
56.4,3,1,5
56.5,3,1,5
56.6,3,1,5
56.7,3,1,5
56.8,3,1,5
56.9,3,1,5
57,4,2,6
57.1,4,2,6
57.2,4,2,6
57.3,4,2,6
57.4,4,2,6
57.5,4,2,6
57.6,4,2,6
57.7,4,2,6
57.8,4,2,6
57.9,4,2,6
58,4,2,6
58.1,4,2,6
58.2,4,2,6
58.3,4,2,6
58.4,4,2,6
58.5,4,2,6
58.6,4,2,6
58.7,4,2,6
58.8,4,2,6
58.9,4,2,6
59,5,3,7
59.1,5,3,7
59.2,5,3,7
59.3,5,3,7
59.4,5,3,7
59.5,5,3,7
59.6,5,3,7
59.7,5,3,7
59.8,5,3,7
59.9,5,3,7
60,5,3,7
60.1,5,3,7
60.2,5,3,7
60.3,5,3,7
60.4,5,3,7
60.5,5,3,7
60.6,5,3,7
60.7,5,3,7
60.8,5,3,7
60.9,5,3,7
61,6,4,8
61.1,6,4,8
61.2,6,4,8
61.3,6,4,8
61.4,6,4,8
61.5,6,4,8
61.6,6,4,8
61.7,6,4,8
61.8,6,4,8
61.9,6,4,8
62,6,4,8
62.1,6,4,8
62.2,6,4,8
62.3,6,4,8
62.4,6,4,8
62.5,6,3,9
62.6,6,3,9
62.7,6,3,9
62.8,6,3,9
62.9,6,3,9
63,6,3,9
63.1,6,3,9
63.2,6,3,9
63.3,6,3,9
63.4,6,3,9
63.5,6,3,9
63.6,6,3,9
63.7,6,3,9
63.8,6,3,9
63.9,6,3,9
64,6,3,9
64.1,5,2,8
64.2,5,2,8
64.3,5,2,8
64.4,5,2,8
64.5,5,2,8
64.6,5,2,8
64.7,5,2,8
64.8,5,2,8
64.9,5,2,8
65,5,2,8
65.1,5,2,8
65.2,5,2,8
65.3,5,2,8
65.4,5,2,8
65.5,5,2,8
65.6,5,2,8
65.7,5,2,8
65.8,5,2,8
65.9,5,2,8
66,5,2,8
66.1,4,1,7
66.2,4,1,7
66.3,4,1,7
66.4,4,1,7
66.5,4,1,7
66.6,4,1,7
66.7,4,1,7
66.8,4,1,7
66.9,4,1,7
67,4,1,7
67.1,4,1,7
67.2,4,1,7
67.3,4,1,7
67.4,4,1,7
67.5,4,1,7
67.6,4,1,7
67.7,4,1,7
67.8,4,1,7
67.9,4,1,7
68,4,1,7
68.1,3,0,6
68.2,3,0,6
68.3,3,0,6
68.4,3,0,6
68.5,3,0,6
68.6,3,0,6
68.7,3,0,6
68.8,3,0,6
68.9,3,0,6
69,3,0,6
69.1,3,0,6
69.2,3,0,6
69.3,3,0,6
69.4,3,0,6
69.5,3,0,6
69.6,3,0,6
69.7,3,0,6
69.8,3,0,6
69.9,3,0,6
70,3,0,6
70.1,2,-1,5
70.2,2,-1,5
70.3,2,-1,5
70.4,2,-1,5
70.5,2,-1,5
70.6,2,-1,5
70.7,2,-1,5
70.8,2,-1,5
70.9,2,-1,5
71,2,-1,5
71.1,2,-1,5
71.2,2,-1,5
71.3,2,-1,5
71.4,2,-1,5
71.5,2,-1,5
71.6,2,-1,5
71.7,2,-1,5
71.8,2,-1,5
71.9,2,-1,5
72,2,-1,5
72.1,1,-2,4
72.2,1,-2,4
72.3,1,-2,4
72.4,1,-2,4
72.5,1,-2,4
72.6,1,-2,4
72.7,1,-2,4
72.8,1,-2,4
72.9,1,-2,4
73,1,-2,4
73.1,1,-2,4
73.2,1,-2,4
73.3,1,-2,4
73.4,1,-2,4
73.5,1,-2,4
73.6,1,-2,4
73.7,1,-2,4
73.8,1,-2,4
73.9,1,-2,4
74,1,-2,4
74.1,0,-3,3
74.2,0,-3,3
74.3,0,-3,3
74.4,0,-3,3
74.5,0,-3,3
74.6,0,-3,3
74.7,0,-3,3
74.8,0,-3,3
74.9,0,-3,3
75,0,3,-3
75.1,0,3,-3
75.2,0,3,-3
75.3,0,3,-3
75.4,0,3,-3
75.5,0,3,-3
75.6,0,3,-3
75.7,0,3,-3
75.8,0,3,-3
75.9,0,3,-3
76,1,4,-2
76.1,1,4,-2
76.2,1,4,-2
76.3,1,4,-2
76.4,1,4,-2
76.5,1,4,-2
76.6,1,4,-2
76.7,1,4,-2
76.8,1,4,-2
76.9,1,4,-2
77,1,4,-2
77.1,1,4,-2
77.2,1,4,-2
77.3,1,4,-2
77.4,1,4,-2
77.5,1,4,-2
77.6,1,4,-2
77.7,1,4,-2
77.8,1,4,-2
77.9,1,4,-2
78,2,5,-1
78.1,2,5,-1
78.2,2,5,-1
78.3,2,5,-1
78.4,2,5,-1
78.5,2,5,-1
78.6,2,5,-1
78.7,2,5,-1
78.8,2,5,-1
78.9,2,5,-1
79,2,5,-1
79.1,2,5,-1
79.2,2,5,-1
79.3,2,5,-1
79.4,2,5,-1
79.5,2,5,-1
79.6,2,5,-1
79.7,2,5,-1
79.8,2,5,-1
79.9,2,5,-1
80,3,6,0
80.1,3,6,0
80.2,3,6,0
80.3,3,6,0
80.4,3,6,0
80.5,3,6,0
80.6,3,6,0
80.7,3,6,0
80.8,3,6,0
80.9,3,6,0
81,3,6,0
81.1,3,6,0
81.2,3,6,0
81.3,3,6,0
81.4,3,6,0
81.5,3,6,0
81.6,3,6,0
81.7,3,6,0
81.8,3,6,0
81.9,3,6,0
82,4,7,1
82.1,4,7,1
82.2,4,7,1
82.3,4,7,1
82.4,4,7,1
82.5,4,7,1
82.6,4,7,1
82.7,4,7,1
82.8,4,7,1
82.9,4,7,1
83,4,7,1
83.1,4,7,1
83.2,4,7,1
83.3,4,7,1
83.4,4,7,1
83.5,4,7,1
83.6,4,7,1
83.7,4,7,1
83.8,4,7,1
83.9,4,7,1
84,5,8,2
84.1,5,8,2
84.2,5,8,2
84.3,5,8,2
84.4,5,8,2
84.5,5,8,2
84.6,5,8,2
84.7,5,8,2
84.8,5,8,2
84.9,5,8,2
85,5,8,2
85.1,5,8,2
85.2,5,8,2
85.3,5,8,2
85.4,5,8,2
85.5,5,8,2
85.6,5,8,2
85.7,5,8,2
85.8,5,8,2
85.9,5,8,2
86,6,9,3
86.1,6,9,3
86.2,6,9,3
86.3,6,9,3
86.4,6,9,3
86.5,6,9,3
86.6,6,9,3
86.7,6,9,3
86.8,6,9,3
86.9,6,9,3
87,6,9,3
87.1,6,9,3
87.2,6,9,3
87.3,6,9,3
87.4,6,9,3
87.5,6,10,2
87.6,6,10,2
87.7,6,10,2
87.8,6,10,2
87.9,6,10,2
88,6,10,2
88.1,6,10,2
88.2,6,10,2
88.3,6,10,2
88.4,6,10,2
88.5,6,10,2
88.6,6,10,2
88.7,6,10,2
88.8,6,10,2
88.9,6,10,2
89,6,10,2
89.1,5,9,1
89.2,5,9,1
89.3,5,9,1
89.4,5,9,1
89.5,5,9,1
89.6,5,9,1
89.7,5,9,1
89.8,5,9,1
89.9,5,9,1
90,5,9,1
90.1,5,9,1
90.2,5,9,1
90.3,5,9,1
90.4,5,9,1
90.5,5,9,1
90.6,5,9,1
90.7,5,9,1
90.8,5,9,1
90.9,5,9,1
91,5,9,1
91.1,4,8,0
91.2,4,8,0
91.3,4,8,0
91.4,4,8,0
91.5,4,8,0
91.6,4,8,0
91.7,4,8,0
91.8,4,8,0
91.9,4,8,0
92,4,8,0
92.1,4,8,0
92.2,4,8,0
92.3,4,8,0
92.4,4,8,0
92.5,4,8,0
92.6,4,8,0
92.7,4,8,0
92.8,4,8,0
92.9,4,8,0
93,4,8,0
93.1,3,7,-1
93.2,3,7,-1
93.3,3,7,-1
93.4,3,7,-1
93.5,3,7,-1
93.6,3,7,-1
93.7,3,7,-1
93.8,3,7,-1
93.9,3,7,-1
94,3,7,-1
94.1,3,7,-1
94.2,3,7,-1
94.3,3,7,-1
94.4,3,7,-1
94.5,3,7,-1
94.6,3,7,-1
94.7,3,7,-1
94.8,3,7,-1
94.9,3,7,-1
95,3,7,-1
95.1,2,6,-2
95.2,2,6,-2
95.3,2,6,-2
95.4,2,6,-2
95.5,2,6,-2
95.6,2,6,-2
95.7,2,6,-2
95.8,2,6,-2
95.9,2,6,-2
96,2,6,-2
96.1,2,6,-2
96.2,2,6,-2
96.3,2,6,-2
96.4,2,6,-2
96.5,2,6,-2
96.6,2,6,-2
96.7,2,6,-2
96.8,2,6,-2
96.9,2,6,-2
97,2,6,-2
97.1,1,5,-3
97.2,1,5,-3
97.3,1,5,-3
97.4,1,5,-3
97.5,1,5,-3
97.6,1,5,-3
97.7,1,5,-3
97.8,1,5,-3
97.9,1,5,-3
98,1,5,-3
98.1,1,5,-3
98.2,1,5,-3
98.3,1,5,-3
98.4,1,5,-3
98.5,1,5,-3
98.6,1,5,-3
98.7,1,5,-3
98.8,1,5,-3
98.9,1,5,-3
99,1,5,-3
99.1,0,4,-4
99.2,0,4,-4
99.3,0,4,-4
99.4,0,4,-4
99.5,0,4,-4
99.6,0,4,-4
99.7,0,4,-4
99.8,0,4,-4
99.9,0,4,-4
100,0,4,-4
100.1,0,4,-4
100.2,0,4,-4
100.3,0,4,-4
100.4,0,4,-4
100.5,0,4,-4
100.6,0,4,-4
100.7,0,4,-4
100.8,0,4,-4
100.9,0,4,-4
101,1,5,-3
101.1,1,5,-3
101.2,1,5,-3
101.3,1,5,-3
101.4,1,5,-3
101.5,1,5,-3
101.6,1,5,-3
101.7,1,5,-3
101.8,1,5,-3
101.9,1,5,-3
102,1,5,-3
102.1,1,5,-3
102.2,1,5,-3
102.3,1,5,-3
102.4,1,5,-3
102.5,1,5,-3
102.6,1,5,-3
102.7,1,5,-3
102.8,1,5,-3
102.9,1,5,-3
103,2,6,-2
103.1,2,6,-2
103.2,2,6,-2
103.3,2,6,-2
103.4,2,6,-2
103.5,2,6,-2
103.6,2,6,-2
103.7,2,6,-2
103.8,2,6,-2
103.9,2,6,-2
104,2,6,-2
104.1,2,6,-2
104.2,2,6,-2
104.3,2,6,-2
104.4,2,6,-2
104.5,2,6,-2
104.6,2,6,-2
104.7,2,6,-2
104.8,2,6,-2
104.9,2,6,-2
105,3,7,-1
105.1,3,7,-1
105.2,3,7,-1
105.3,3,7,-1
105.4,3,7,-1
105.5,3,7,-1
105.6,3,7,-1
105.7,3,7,-1
105.8,3,7,-1
105.9,3,7,-1
106,3,7,-1
106.1,3,7,-1
106.2,3,7,-1
106.3,3,7,-1
106.4,3,7,-1
106.5,3,7,-1
106.6,3,7,-1
106.7,3,7,-1
106.8,3,7,-1
106.9,3,7,-1
107,4,8,0
107.1,4,8,0
107.2,4,8,0
107.3,4,8,0
107.4,4,8,0
107.5,4,8,0
107.6,4,8,0
107.7,4,8,0
107.8,4,8,0
107.9,4,8,0
108,4,8,0
108.1,4,8,0
108.2,4,8,0
108.3,4,8,0
108.4,4,8,0
108.5,4,8,0
108.6,4,8,0
108.7,4,8,0
108.8,4,8,0
108.9,4,8,0
109,5,9,1
109.1,5,9,1
109.2,5,9,1
109.3,5,9,1
109.4,5,9,1
109.5,5,9,1
109.6,5,9,1
109.7,5,9,1
109.8,5,9,1
109.9,5,9,1
110,5,9,1
110.1,5,9,1
110.2,5,9,1
110.3,5,9,1
110.4,5,9,1
110.5,5,9,1
110.6,5,9,1
110.7,5,9,1
110.8,5,9,1
110.9,5,9,1
111,6,10,2
111.1,6,10,2
111.2,6,10,2
111.3,6,10,2
111.4,6,10,2
111.5,6,10,2
111.6,6,10,2
111.7,6,10,2
111.8,6,10,2
111.9,6,10,2
112,6,10,2
112.1,6,10,2
112.2,6,10,2
112.3,6,10,2
112.4,6,10,2
112.5,6,11,1
112.6,6,11,1
112.7,6,11,1
112.8,6,11,1
112.9,6,11,1
113,6,11,1
113.1,6,11,1
113.2,6,11,1
113.3,6,11,1
113.4,6,11,1
113.5,6,11,1
113.6,6,11,1
113.7,6,11,1
113.8,6,11,1
113.9,6,11,1
114,6,11,1
114.1,5,10,0
114.2,5,10,0
114.3,5,10,0
114.4,5,10,0
114.5,5,10,0
114.6,5,10,0
114.7,5,10,0
114.8,5,10,0
114.9,5,10,0
115,5,10,0
115.1,5,10,0
115.2,5,10,0
115.3,5,10,0
115.4,5,10,0
115.5,5,10,0
115.6,5,10,0
115.7,5,10,0
115.8,5,10,0
115.9,5,10,0
116,5,10,0
116.1,4,9,-1
116.2,4,9,-1
116.3,4,9,-1
116.4,4,9,-1
116.5,4,9,-1
116.6,4,9,-1
116.7,4,9,-1
116.8,4,9,-1
116.9,4,9,-1
117,4,9,-1
117.1,4,9,-1
117.2,4,9,-1
117.3,4,9,-1
117.4,4,9,-1
117.5,4,9,-1
117.6,4,9,-1
117.7,4,9,-1
117.8,4,9,-1
117.9,4,9,-1
118,4,9,-1
118.1,3,8,-2
118.2,3,8,-2
118.3,3,8,-2
118.4,3,8,-2
118.5,3,8,-2
118.6,3,8,-2
118.7,3,8,-2
118.8,3,8,-2
118.9,3,8,-2
119,3,8,-2
119.1,3,8,-2
119.2,3,8,-2
119.3,3,8,-2
119.4,3,8,-2
119.5,3,8,-2
119.6,3,8,-2
119.7,3,8,-2
119.8,3,8,-2
119.9,3,8,-2
120,3,8,-2
120.1,2,7,-3
120.2,2,7,-3
120.3,2,7,-3
120.4,2,7,-3
120.5,2,7,-3
120.6,2,7,-3
120.7,2,7,-3
120.8,2,7,-3
120.9,2,7,-3
121,2,7,-3
121.1,2,7,-3
121.2,2,7,-3
121.3,2,7,-3
121.4,2,7,-3
121.5,2,7,-3
121.6,2,7,-3
121.7,2,7,-3
121.8,2,7,-3
121.9,2,7,-3
122,2,7,-3
122.1,1,6,-4
122.2,1,6,-4
122.3,1,6,-4
122.4,1,6,-4
122.5,1,6,-4
122.6,1,6,-4
122.7,1,6,-4
122.8,1,6,-4
122.9,1,6,-4
123,1,6,-4
123.1,1,6,-4
123.2,1,6,-4
123.3,1,6,-4
123.4,1,6,-4
123.5,1,6,-4
123.6,1,6,-4
123.7,1,6,-4
123.8,1,6,-4
123.9,1,6,-4
124,1,6,-4
124.1,0,5,-5
124.2,0,5,-5
124.3,0,5,-5
124.4,0,5,-5
124.5,0,5,-5
124.6,0,5,-5
124.7,0,5,-5
124.8,0,5,-5
124.9,0,5,-5
125,0,-5,5
125.1,0,-5,5
125.2,0,-5,5
125.3,0,-5,5
125.4,0,-5,5
125.5,0,-5,5
125.6,0,-5,5
125.7,0,-5,5
125.8,0,-5,5
125.9,0,-5,5
126,1,-4,6
126.1,1,-4,6
126.2,1,-4,6
126.3,1,-4,6
126.4,1,-4,6
126.5,1,-4,6
126.6,1,-4,6
126.7,1,-4,6
126.8,1,-4,6
126.9,1,-4,6
127,1,-4,6
127.1,1,-4,6
127.2,1,-4,6
127.3,1,-4,6
127.4,1,-4,6
127.5,1,-4,6
127.6,1,-4,6
127.7,1,-4,6
127.8,1,-4,6
127.9,1,-4,6
128,2,-3,7
128.1,2,-3,7
128.2,2,-3,7
128.3,2,-3,7
128.4,2,-3,7
128.5,2,-3,7
128.6,2,-3,7
128.7,2,-3,7
128.8,2,-3,7
128.9,2,-3,7
129,2,-3,7
129.1,2,-3,7
129.2,2,-3,7
129.3,2,-3,7
129.4,2,-3,7
129.5,2,-3,7
129.6,2,-3,7
129.7,2,-3,7
129.8,2,-3,7
129.9,2,-3,7
130,3,-2,8
130.1,3,-2,8
130.2,3,-2,8
130.3,3,-2,8
130.4,3,-2,8
130.5,3,-2,8
130.6,3,-2,8
130.7,3,-2,8
130.8,3,-2,8
130.9,3,-2,8
131,3,-2,8
131.1,3,-2,8
131.2,3,-2,8
131.3,3,-2,8
131.4,3,-2,8
131.5,3,-2,8
131.6,3,-2,8
131.7,3,-2,8
131.8,3,-2,8
131.9,3,-2,8
132,4,-1,9
132.1,4,-1,9
132.2,4,-1,9
132.3,4,-1,9
132.4,4,-1,9
132.5,4,-1,9
132.6,4,-1,9
132.7,4,-1,9
132.8,4,-1,9
132.9,4,-1,9
133,4,-1,9
133.1,4,-1,9
133.2,4,-1,9
133.3,4,-1,9
133.4,4,-1,9
133.5,4,-1,9
133.6,4,-1,9
133.7,4,-1,9
133.8,4,-1,9
133.9,4,-1,9
134,5,0,10
134.1,5,0,10
134.2,5,0,10
134.3,5,0,10
134.4,5,0,10
134.5,5,0,10
134.6,5,0,10
134.7,5,0,10
134.8,5,0,10
134.9,5,0,10
135,5,0,10
135.1,5,0,10
135.2,5,0,10
135.3,5,0,10
135.4,5,0,10
135.5,5,0,10
135.6,5,0,10
135.7,5,0,10
135.8,5,0,10
135.9,5,0,10
136,6,1,11
136.1,6,1,11
136.2,6,1,11
136.3,6,1,11
136.4,6,1,11
136.5,6,1,11
136.6,6,1,11
136.7,6,1,11
136.8,6,1,11
136.9,6,1,11
137,6,1,11
137.1,6,1,11
137.2,6,1,11
137.3,6,1,11
137.4,6,1,11
137.5,6,0,12
137.6,6,0,12
137.7,6,0,12
137.8,6,0,12
137.9,6,0,12
138,6,0,12
138.1,6,0,12
138.2,6,0,12
138.3,6,0,12
138.4,6,0,12
138.5,6,0,12
138.6,6,0,12
138.7,6,0,12
138.8,6,0,12
138.9,6,0,12
139,6,0,12
139.1,5,-1,11
139.2,5,-1,11
139.3,5,-1,11
139.4,5,-1,11
139.5,5,-1,11
139.6,5,-1,11
139.7,5,-1,11
139.8,5,-1,11
139.9,5,-1,11
140,5,-1,11
140.1,5,-1,11
140.2,5,-1,11
140.3,5,-1,11
140.4,5,-1,11
140.5,5,-1,11
140.6,5,-1,11
140.7,5,-1,11
140.8,5,-1,11
140.9,5,-1,11
141,5,-1,11
141.1,4,-2,10
141.2,4,-2,10
141.3,4,-2,10
141.4,4,-2,10
141.5,4,-2,10
141.6,4,-2,10
141.7,4,-2,10
141.8,4,-2,10
141.9,4,-2,10
142,4,-2,10
142.1,4,-2,10
142.2,4,-2,10
142.3,4,-2,10
142.4,4,-2,10
142.5,4,-2,10
142.6,4,-2,10
142.7,4,-2,10
142.8,4,-2,10
142.9,4,-2,10
143,4,-2,10
143.1,3,-3,9
143.2,3,-3,9
143.3,3,-3,9
143.4,3,-3,9
143.5,3,-3,9
143.6,3,-3,9
143.7,3,-3,9
143.8,3,-3,9
143.9,3,-3,9
144,3,-3,9
144.1,3,-3,9
144.2,3,-3,9
144.3,3,-3,9
144.4,3,-3,9
144.5,3,-3,9
144.6,3,-3,9
144.7,3,-3,9
144.8,3,-3,9
144.9,3,-3,9
145,3,-3,9
145.1,2,-4,8
145.2,2,-4,8
145.3,2,-4,8
145.4,2,-4,8
145.5,2,-4,8
145.6,2,-4,8
145.7,2,-4,8
145.8,2,-4,8
145.9,2,-4,8
146,2,-4,8
146.1,2,-4,8
146.2,2,-4,8
146.3,2,-4,8
146.4,2,-4,8
146.5,2,-4,8
146.6,2,-4,8
146.7,2,-4,8
146.8,2,-4,8
146.9,2,-4,8
147,2,-4,8
147.1,1,-5,7
147.2,1,-5,7
147.3,1,-5,7
147.4,1,-5,7
147.5,1,-5,7
147.6,1,-5,7
147.7,1,-5,7
147.8,1,-5,7
147.9,1,-5,7
148,1,-5,7
148.1,1,-5,7
148.2,1,-5,7
148.3,1,-5,7
148.4,1,-5,7
148.5,1,-5,7
148.6,1,-5,7
148.7,1,-5,7
148.8,1,-5,7
148.9,1,-5,7
149,1,-5,7
149.1,0,-6,6
149.2,0,-6,6
149.3,0,-6,6
149.4,0,-6,6
149.5,0,-6,6
149.6,0,-6,6
149.7,0,-6,6
149.8,0,-6,6
149.9,0,-6,6
150,0,-6,6
150.1,0,-6,6
150.2,0,-6,6
150.3,0,-6,6
150.4,0,-6,6
150.5,0,-6,6
150.6,0,-6,6
150.7,0,-6,6
150.8,0,-6,6
150.9,0,-6,6
151,1,-5,7
151.1,1,-5,7
151.2,1,-5,7
151.3,1,-5,7
151.4,1,-5,7
151.5,1,-5,7
151.6,1,-5,7
151.7,1,-5,7
151.8,1,-5,7
151.9,1,-5,7
152,1,-5,7
152.1,1,-5,7
152.2,1,-5,7
152.3,1,-5,7
152.4,1,-5,7
152.5,1,-5,7
152.6,1,-5,7
152.7,1,-5,7
152.8,1,-5,7
152.9,1,-5,7
153,2,-4,8
153.1,2,-4,8
153.2,2,-4,8
153.3,2,-4,8
153.4,2,-4,8
153.5,2,-4,8
153.6,2,-4,8
153.7,2,-4,8
153.8,2,-4,8
153.9,2,-4,8
154,2,-4,8
154.1,2,-4,8
154.2,2,-4,8
154.3,2,-4,8
154.4,2,-4,8
154.5,2,-4,8
154.6,2,-4,8
154.7,2,-4,8
154.8,2,-4,8
154.9,2,-4,8
155,3,-3,9
155.1,3,-3,9
155.2,3,-3,9
155.3,3,-3,9
155.4,3,-3,9
155.5,3,-3,9
155.6,3,-3,9
155.7,3,-3,9
155.8,3,-3,9
155.9,3,-3,9
156,3,-3,9
156.1,3,-3,9
156.2,3,-3,9
156.3,3,-3,9
156.4,3,-3,9
156.5,3,-3,9
156.6,3,-3,9
156.7,3,-3,9
156.8,3,-3,9
156.9,3,-3,9
157,4,-2,10
157.1,4,-2,10
157.2,4,-2,10
157.3,4,-2,10
157.4,4,-2,10
157.5,4,-2,10
157.6,4,-2,10
157.7,4,-2,10
157.8,4,-2,10
157.9,4,-2,10
158,4,-2,10
158.1,4,-2,10
158.2,4,-2,10
158.3,4,-2,10
158.4,4,-2,10
158.5,4,-2,10
158.6,4,-2,10
158.7,4,-2,10
158.8,4,-2,10
158.9,4,-2,10
159,5,-1,11
159.1,5,-1,11
159.2,5,-1,11
159.3,5,-1,11
159.4,5,-1,11
159.5,5,-1,11
159.6,5,-1,11
159.7,5,-1,11
159.8,5,-1,11
159.9,5,-1,11
160,5,-1,11
160.1,5,-1,11
160.2,5,-1,11
160.3,5,-1,11
160.4,5,-1,11
160.5,5,-1,11
160.6,5,-1,11
160.7,5,-1,11
160.8,5,-1,11
160.9,5,-1,11
161,6,0,12
161.1,6,0,12
161.2,6,0,12
161.3,6,0,12
161.4,6,0,12
161.5,6,0,12
161.6,6,0,12
161.7,6,0,12
161.8,6,0,12
161.9,6,0,12
162,6,0,12
162.1,6,0,12
162.2,6,0,12
162.3,6,0,12
162.4,6,0,12
162.5,6,-1,13
162.6,6,-1,13
162.7,6,-1,13
162.8,6,-1,13
162.9,6,-1,13
163,6,-1,13
163.1,6,-1,13
163.2,6,-1,13
163.3,6,-1,13
163.4,6,-1,13
163.5,6,-1,13
163.6,6,-1,13
163.7,6,-1,13
163.8,6,-1,13
163.9,6,-1,13
164,6,-1,13
164.1,5,-2,12
164.2,5,-2,12
164.3,5,-2,12
164.4,5,-2,12
164.5,5,-2,12
164.6,5,-2,12
164.7,5,-2,12
164.8,5,-2,12
164.9,5,-2,12
165,5,-2,12
165.1,5,-2,12
165.2,5,-2,12
165.3,5,-2,12
165.4,5,-2,12
165.5,5,-2,12
165.6,5,-2,12
165.7,5,-2,12
165.8,5,-2,12
165.9,5,-2,12
166,5,-2,12
166.1,4,-3,11
166.2,4,-3,11
166.3,4,-3,11
166.4,4,-3,11
166.5,4,-3,11
166.6,4,-3,11
166.7,4,-3,11
166.8,4,-3,11
166.9,4,-3,11
167,4,-3,11
167.1,4,-3,11
167.2,4,-3,11
167.3,4,-3,11
167.4,4,-3,11
167.5,4,-3,11
167.6,4,-3,11
167.7,4,-3,11
167.8,4,-3,11
167.9,4,-3,11
168,4,-3,11
168.1,3,-4,10
168.2,3,-4,10
168.3,3,-4,10
168.4,3,-4,10
168.5,3,-4,10
168.6,3,-4,10
168.7,3,-4,10
168.8,3,-4,10
168.9,3,-4,10
169,3,-4,10
169.1,3,-4,10
169.2,3,-4,10
169.3,3,-4,10
169.4,3,-4,10
169.5,3,-4,10
169.6,3,-4,10
169.7,3,-4,10
169.8,3,-4,10
169.9,3,-4,10
170,3,-4,10
