freq,psd
0,-6.77293215962947
0.000457791613257645,-27.8797605693866
0.00091558322651529,-21.9071128676182
0.00137337483977294,-21.8626992764459
0.00183116645303058,-29.1034511707063
0.00228895806628823,-31.9187483056969
0.00274674967954587,-33.7396519695615
0.00320454129280352,-36.6907324841767
0.00366233290606116,-35.6179131725564
0.00412012451931881,-36.6556239202202
0.00457791613257645,-37.0325488819929
0.0050357077458341,-38.4712501808656
0.00549349935909174,-37.5130192194156
0.00595129097234939,-37.7042181632413
0.00640908258560703,-38.18389673721
0.00686687419886468,-38.4162115143613
0.00732466581212232,-38.5839744822679
0.00778245742537997,-39.0544613515948
0.00824024903863761,-39.6998271228975
0.00869804065189526,-38.3890435752334
0.0091558322651529,-39.215295553897
0.00961362387841055,-38.7780320214923
0.0100714154916682,-38.8605631658182
0.0105292071049258,-38.1565596207361
0.0109869987181835,-38.8060784011113
0.0114447903314411,-39.0935481883965
0.0119025819446988,-40.1375216271886
0.0123603735579564,-38.7393244489969
0.0128181651712141,-38.6633457710056
0.0132759567844717,-38.6078255443589
0.0137337483977294,-39.0761316095479
0.014191540010987,-38.1792492593964
0.0146493316242446,-38.9297820631414
0.0151071232375023,-39.3561782869993
0.0155649148507599,-38.974486520688
0.0160227064640176,-39.3397134087934
0.0164804980772752,-38.5852559349894
0.0169382896905329,-39.2563998219295
0.0173960813037905,-38.5501100050472
0.0178538729170482,-39.0206274290004
0.0183116645303058,-39.0441740789641
0.0187694561435634,-40.0417551240476
0.0192272477568211,-38.6410691299282
0.0196850393700787,-39.5542318479233
0.0201428309833364,-38.7498692255585
0.020600622596594,-38.6360192748931
0.0210584142098517,-38.9207850285472
0.0215162058231093,-38.1938432278293
0.021973997436367,-39.6416901186728
0.0224317890496246,-38.7330942111618
0.0228895806628823,-38.5439090713429
0.0233473722761399,-39.6297568444848
0.0238051638893975,-39.2159691574482
0.0242629555026552,-39.3411374891242
0.0247207471159128,-38.4150209315637
0.0251785387291705,-39.6295087842076
0.0256363303424281,-39.3923726789596
0.0260941219556858,-38.402465817399
0.0265519135689434,-39.3746453746542
0.0270097051822011,-38.9535522832271
0.0274674967954587,-39.769641249951
0.0279252884087164,-39.8454538574544
0.028383080021974,-39.1854909550936
0.0288408716352316,-39.5472243436956
0.0292986632484893,-37.9147756066635
0.0297564548617469,-38.557771549149
0.0302142464750046,-38.8061975201561
0.0306720380882622,-39.7968714724372
0.0311298297015199,-38.9056626990465
0.0315876213147775,-38.3941770837275
0.0320454129280352,-38.8380703092228
0.0325032045412928,-38.3893579783011
0.0329609961545504,-39.8450610033065
0.0334187877678081,-39.6772716884775
0.0338765793810657,-38.6948539387401
0.0343343709943234,-40.3479865390295
0.034792162607581,-39.8333671050629
0.0352499542208387,-38.4864930370192
0.0357077458340963,-39.7264118052028
0.036165537447354,-40.2084821645065
0.0366233290606116,-39.2284840034517
0.0370811206738693,-38.8672553029738
0.0375389122871269,-38.9669912783541
0.0379967039003845,-39.0508500687747
0.0384544955136422,-38.2665108271138
0.0389122871268998,-38.8710579247005
0.0393700787401575,-39.8132021820622
0.0398278703534151,-39.0740286862065
0.0402856619666728,-39.0431522605379
0.0407434535799304,-39.1351044306348
0.0412012451931881,-38.6804914715402
0.0416590368064457,-39.0475381971349
0.0421168284197034,-39.079540686387
0.042574620032961,-38.5680999312612
0.0430324116462186,-38.8842191672176
0.0434902032594763,-38.7145630747666
0.0439479948727339,-40.6918728636327
0.0444057864859916,-39.6046059244929
0.0448635780992492,-39.8133734248744
0.0453213697125069,-39.283231864072
0.0457791613257645,-39.0237729771569
0.0462369529390222,-39.2104428169141
0.0466947445522798,-39.3241427787668
0.0471525361655374,-37.9427488588345
0.0476103277787951,-38.9957430673454
0.0480681193920527,-39.9095133302432
0.0485259110053104,-38.882281093639
0.048983702618568,-39.6621786044641
0.0494414942318257,-38.1870067216311
0.0498992858450833,-39.2828698497124
0.050357077458341,-39.0309907309728
0.0508148690715986,-38.6920424318727
0.0512726606848563,-38.5111529913717
0.0517304522981139,-38.6067809298743
0.0521882439113715,-39.2851648108888
0.0526460355246292,-40.9971532735799
0.0531038271378868,-38.675704378248
0.0535616187511445,-39.6164409171484
0.0540194103644021,-39.3403331523435
0.0544772019776598,-39.2569695610239
0.0549349935909174,-39.4657840769373
0.0553927852041751,-39.0149536594976
0.0558505768174327,-38.9816669011281
0.0563083684306903,-38.4661586978007
0.056766160043948,-38.7648960169207
0.0572239516572056,-38.8255127792602
0.0576817432704633,-39.1279942842844
0.0581395348837209,-39.5571470722159
0.0585973264969786,-39.7850466042376
0.0590551181102362,-39.7573749548597
0.0595129097234939,-39.0113013834022
0.0599707013367515,-38.8090790409288
0.0604284929500092,-38.9381956434491
0.0608862845632668,-39.7457824726572
0.0613440761765244,-38.0176173322144
0.0618018677897821,-39.4274753038907
0.0622596594030397,-38.6699122070308
0.0627174510162974,-38.6304349453223
0.063175242629555,-38.4811523159011
0.0636330342428127,-38.7174849923205
0.0640908258560703,-38.7261570293089
0.064548617469328,-39.0289549110259
0.0650064090825856,-38.7084472141108
0.0654642006958432,-39.7124873107475
0.0659219923091009,-38.0433945675745
0.0663797839223585,-38.1938015846079
0.0668375755356162,-39.653670604942
0.0672953671488738,-39.0667411063477
0.0677531587621315,-38.2480818250489
0.0682109503753891,-39.8533348704653
0.0686687419886468,-39.0445362164416
0.0691265336019044,-39.0108460793657
0.0695843252151621,-39.2511375551785
0.0700421168284197,-39.4529752595482
0.0704999084416773,-39.7768429443375
0.070957700054935,-38.5590421527633
0.0714154916681926,-39.4310140929674
0.0718732832814503,-39.69311635649
0.0723310748947079,-39.5582822614083
0.0727888665079656,-40.4489504965737
0.0732466581212232,-39.9160125178179
0.0737044497344809,-39.9393022104707
0.0741622413477385,-39.0056991635696
0.0746200329609961,-39.5018967389282
0.0750778245742538,-39.4361508459191
0.0755356161875115,-38.7776883519805
0.0759934078007691,-39.7707931637717
0.0764511994140267,-39.1525652152986
0.0769089910272844,-40.4106455326188
0.077366782640542,-39.3896427451573
0.0778245742537997,-38.5838236510589
0.0782823658670573,-38.5034301389767
0.078740157480315,-38.7767608831249
0.0791979490935726,-40.5000338882336
0.0796557407068302,-39.9214471178171
0.0801135323200879,-39.1019488834336
0.0805713239333455,-38.9096982846352
0.0810291155466032,-39.1145998644807
0.0814869071598608,-38.6868555583753
0.0819446987731185,-38.0468854719303
0.0824024903863761,-40.1120006022612
0.0828602819996338,-40.7822293231977
0.0833180736128914,-37.7344022420157
0.083775865226149,-39.8512749832818
0.0842336568394067,-39.1042024199679
0.0846914484526643,-38.4844044456103
0.085149240065922,-39.8380834531517
0.0856070316791796,-38.748134249442
0.0860648232924373,-40.0486329950212
0.0865226149056949,-39.4717360679037
0.0869804065189526,-38.6008196644718
0.0874381981322102,-39.0455284091945
0.0878959897454679,-39.9890737619667
0.0883537813587255,-37.6474185748905
0.0888115729719832,-38.1400326504724
0.0892693645852408,-39.4617626564026
0.0897271561984984,-38.4394602828868
0.0901849478117561,-39.4824195306063
0.0906427394250137,-40.5746362580061
0.0911005310382714,-39.0242632103112
0.091558322651529,-39.3121952300665
0.0920161142647867,-39.850290473012
0.0924739058780443,-40.2186455552879
0.092931697491302,-40.6071751904096
0.0933894891045596,-38.854636179365
0.0938472807178172,-39.4638771377474
0.0943050723310749,-37.9078059778927
0.0947628639443325,-39.5930728474137
0.0952206555575902,-39.6277637765018
0.0956784471708478,-38.3953121450413
0.0961362387841055,-41.0633619466661
0.0965940303973631,-38.9695337132512
0.0970518220106208,-37.6885773545681
0.0975096136238784,-39.1845383186352
0.0979674052371361,-39.3644783175838
0.0984251968503937,-40.2605300762393
0.0988829884636513,-38.7155859906039
0.099340780076909,-39.348231948927
0.0997985716901666,-39.6811515227591
0.100256363303424,-38.9953334639221
0.100714154916682,-39.1781379753001
0.10117194652994,-39.5059116605518
0.101629738143197,-38.8272837254177
0.102087529756455,-39.4248020580206
0.102545321369713,-38.2269080494303
0.10300311298297,-39.3504177835825
0.103460904596228,-39.1767999334553
0.103918696209485,-39.7714856439712
0.104376487822743,-38.9190999672687
0.104834279436001,-40.2717571434356
0.105292071049258,-39.8965837158291
0.105749862662516,-39.5310026662561
0.106207654275774,-38.733398859778
0.106665445889031,-38.9408154594056
0.107123237502289,-39.8735651578106
0.107581029115547,-38.483551697116
0.108038820728804,-40.6280849182969
0.108496612342062,-38.7326921193927
0.10895440395532,-40.1420903190957
0.109412195568577,-39.1476436148173
0.109869987181835,-38.9616398395514
0.110327778795092,-39.7605331694663
0.11078557040835,-40.1919494209413
0.111243362021608,-38.8841327909594
0.111701153634865,-38.9261670131125
0.112158945248123,-38.5992451525142
0.112616736861381,-39.5035520437158
0.113074528474638,-39.2617167766417
0.113532320087896,-38.7452186127001
0.113990111701154,-38.7001161684106
0.114447903314411,-39.2708556891285
0.114905694927669,-39.0166928598195
0.115363486540927,-39.8621356255355
0.115821278154184,-39.6217697775146
0.116279069767442,-39.870569212593
0.116736861380699,-39.6572935344116
0.117194652993957,-38.9313516995645
0.117652444607215,-39.7961417703558
0.118110236220472,-40.4151605474494
0.11856802783373,-39.1244036091569
0.119025819446988,-38.8835092180574
0.119483611060245,-40.2067196989715
0.119941402673503,-39.3238023866766
0.120399194286761,-40.0767650890842
0.120856985900018,-39.8920068771018
0.121314777513276,-39.7437513162382
0.121772569126534,-38.5976659117737
0.122230360739791,-38.8859378829124
0.122688152353049,-39.3452473169051
0.123145943966307,-40.1114754747795
0.123603735579564,-39.4657755870744
0.124061527192822,-39.8327249132914
0.124519318806079,-38.9830339273481
0.124977110419337,-40.7067488595712
0.125434902032595,-39.2704629811559
0.125892693645852,-39.689707785152
0.12635048525911,-39.8054259452367
0.126808276872368,-39.411047598853
0.127266068485625,-39.4495802589303
0.127723860098883,-39.9848884787585
0.128181651712141,-39.1842890627704
0.128639443325398,-39.0919957993981
0.129097234938656,-38.5453586388708
0.129555026551914,-39.2334849364324
0.130012818165171,-38.537643133192
0.130470609778429,-39.4705206910835
0.130928401391686,-38.4904981283829
0.131386193004944,-39.7368975727324
0.131843984618202,-40.1676575370008
0.132301776231459,-39.2280542049593
0.132759567844717,-38.8072082251483
0.133217359457975,-38.8192243664212
0.133675151071232,-39.091935885559
0.13413294268449,-39.2319665588332
0.134590734297748,-40.5147230164255
0.135048525911005,-40.0719127459307
0.135506317524263,-39.7140178127871
0.135964109137521,-38.6470469529811
0.136421900750778,-38.4480536133568
0.136879692364036,-39.5181564034095
0.137337483977294,-39.9466235209542
0.137795275590551,-39.0821732884463
0.138253067203809,-39.5967098749808
0.138710858817066,-39.4307266122248
0.139168650430324,-39.780440099825
0.139626442043582,-39.8728376186616
0.140084233656839,-39.696213431235
0.140542025270097,-39.3725768639212
0.140999816883355,-39.6866204854741
0.141457608496612,-39.3304691413701
0.14191540010987,-38.1306032686582
0.142373191723128,-39.3292954849985
0.142830983336385,-39.5393358662923
0.143288774949643,-40.3876638560848
0.143746566562901,-39.6008723419877
0.144204358176158,-39.1527022098155
0.144662149789416,-40.1705407029537
0.145119941402673,-39.2903333740291
0.145577733015931,-39.7960358309323
0.146035524629189,-39.5311603957036
0.146493316242446,-39.3074133411852
0.146951107855704,-39.5561597889214
0.147408899468962,-40.4356946800932
0.147866691082219,-40.302019601327
0.148324482695477,-39.7649758974582
0.148782274308735,-38.8782531904595
0.149240065921992,-40.8924222709925
0.14969785753525,-39.6828839107882
0.150155649148508,-39.9740855911835
0.150613440761765,-39.2851885813042
0.151071232375023,-40.6185149364343
0.151529023988281,-39.2760995724651
0.151986815601538,-39.5536304745427
0.152444607214796,-39.0814722141495
0.152902398828053,-39.4496965220183
0.153360190441311,-38.5373976390138
0.153817982054569,-38.5238491681459
0.154275773667826,-39.76089169495
0.154733565281084,-39.7639334497727
0.155191356894342,-39.0535523813093
0.155649148507599,-39.0494959731004
0.156106940120857,-39.6630163815599
0.156564731734115,-38.7785672185807
0.157022523347372,-39.229285517637
0.15748031496063,-38.5655180354862
0.157938106573888,-38.4911042667487
0.158395898187145,-39.099885860719
0.158853689800403,-39.2374384415889
0.15931148141366,-40.9068597736369
0.159769273026918,-39.5906070669985
0.160227064640176,-38.7351781201687
0.160684856253433,-39.8852066945115
0.161142647866691,-40.0715537324257
0.161600439479949,-39.319993019122
0.162058231093206,-39.4845899233053
0.162516022706464,-40.7646113133747
0.162973814319722,-39.5692660406868
0.163431605932979,-40.3668627850537
0.163889397546237,-39.0046557380788
0.164347189159495,-39.5847526943894
0.164804980772752,-39.9931855221506
0.16526277238601,-40.6084638058206
0.165720563999268,-39.2046647940433
0.166178355612525,-38.5843777842299
0.166636147225783,-39.4095129885664
0.16709393883904,-38.8066856943126
0.167551730452298,-39.6232683010636
0.168009522065556,-39.7303123320835
0.168467313678813,-40.2211018338294
0.168925105292071,-39.5340381159662
0.169382896905329,-38.7331929474418
0.169840688518586,-40.4380737548389
0.170298480131844,-39.3386980630666
0.170756271745102,-39.6730901536
0.171214063358359,-39.0999915537204
0.171671854971617,-39.0554052124282
0.172129646584875,-39.502982253414
0.172587438198132,-38.5680966136214
0.17304522981139,-39.5339344138298
0.173503021424647,-39.5127810390147
0.173960813037905,-40.0313276952183
0.174418604651163,-40.0821921765394
0.17487639626442,-39.5838030512869
0.175334187877678,-39.8543490585506
0.175791979490936,-39.1088912775468
0.176249771104193,-40.1556206548207
0.176707562717451,-39.7793805989144
0.177165354330709,-40.0162039426585
0.177623145943966,-40.5585300087797
0.178080937557224,-39.6475713304586
0.178538729170482,-38.8845841570337
0.178996520783739,-39.619063429849
0.179454312396997,-39.2388925258278
0.179912104010255,-39.4173946413582
0.180369895623512,-41.28251734086
0.18082768723677,-39.5877217720802
0.181285478850027,-39.9864616469259
0.181743270463285,-39.650455055159
0.182201062076543,-38.8299052620421
0.1826588536898,-39.1837470786189
0.183116645303058,-39.3567308930996
0.183574436916316,-39.5689266767059
0.184032228529573,-39.7839997492254
0.184490020142831,-39.7648538876798
0.184947811756089,-40.0251644406749
0.185405603369346,-39.9093028509504
0.185863394982604,-39.7998530915027
0.186321186595862,-40.0251546775342
0.186778978209119,-39.3715099795106
0.187236769822377,-39.6300483216102
0.187694561435634,-39.7263117526214
0.188152353048892,-40.7024587030272
0.18861014466215,-39.7787927576391
0.189067936275407,-39.7018622048412
0.189525727888665,-39.5876503794772
0.189983519501923,-40.437454904491
0.19044131111518,-39.9190736268518
0.190899102728438,-39.3619707594541
0.191356894341696,-39.3831892949405
0.191814685954953,-39.7031999489534
0.192272477568211,-39.9063197882386
0.192730269181469,-40.9835748424948
0.193188060794726,-39.7750830293428
0.193645852407984,-39.6437367388597
0.194103644021242,-40.4766302164904
0.194561435634499,-38.6681561064412
0.195019227247757,-39.6094161415324
0.195477018861014,-40.7463681153651
0.195934810474272,-40.6129947624406
0.19639260208753,-39.5445529799519
0.196850393700787,-40.1291149350682
0.197308185314045,-39.7645615649633
0.197765976927303,-38.7077991944765
0.19822376854056,-39.0911809717996
0.198681560153818,-39.7298800787707
0.199139351767076,-40.3391991942161
0.199597143380333,-40.2800369187017
0.200054934993591,-39.2811536109916
0.200512726606849,-39.218445517711
0.200970518220106,-39.8606550797774
0.201428309833364,-40.3436485691426
0.201886101446621,-39.9544715870914
0.202343893059879,-39.4670003443422
0.202801684673137,-40.2338963033104
0.203259476286394,-39.2456674809023
0.203717267899652,-39.4619749163467
0.20417505951291,-39.8328779845671
0.204632851126167,-40.1134411035648
0.205090642739425,-39.5617452267133
0.205548434352683,-39.0020818481462
0.20600622596594,-39.8968237604377
0.206464017579198,-38.888508205579
0.206921809192456,-39.3195618667737
0.207379600805713,-39.0091046265498
0.207837392418971,-38.2507489224193
0.208295184032228,-37.6024340208956
0.208752975645486,-37.0801547059542
0.209210767258744,-33.4905665952352
0.209668558872001,-25.9165926170517
0.210126350485259,0
0.210584142098517,-30.8184131229256
0.211041933711774,-35.3501491121652
0.211499725325032,-37.4818211337375
0.21195751693829,-39.0689302926357
0.212415308551547,-38.8795035484314
0.212873100164805,-39.0965422539538
0.213330891778063,-39.9746285899338
0.21378868339132,-38.9406639928021
0.214246475004578,-39.738382586924
0.214704266617836,-40.4006679402712
0.215162058231093,-40.162164717989
0.215619849844351,-40.3269878618525
0.216077641457608,-40.6027066623007
0.216535433070866,-39.4728897053798
0.216993224684124,-39.1731450492162
0.217451016297381,-40.5550378035597
0.217908807910639,-38.7692319124504
0.218366599523897,-39.9903439238335
0.218824391137154,-39.3615454266916
0.219282182750412,-40.6665123013902
0.21973997436367,-40.0124375423831
0.220197765976927,-39.7843984923197
0.220655557590185,-41.2179122818568
0.221113349203443,-39.4778678652439
0.2215711408167,-38.8395113585473
0.222028932429958,-40.6339707857951
0.222486724043216,-40.1460282703659
0.222944515656473,-40.2516740304401
0.223402307269731,-40.5163046531337
0.223860098882988,-40.2792180083679
0.224317890496246,-39.6827390410581
0.224775682109504,-39.6821570934714
0.225233473722761,-39.1854694401166
0.225691265336019,-38.7091850705524
0.226149056949277,-41.4832362510774
0.226606848562534,-39.2229895959969
0.227064640175792,-40.764278808304
0.22752243178905,-40.2494918894009
0.227980223402307,-38.9443564280894
0.228438015015565,-40.325087688638
0.228895806628823,-40.1224487542054
0.22935359824208,-40.4173048518024
0.229811389855338,-40.6398700251411
0.230269181468595,-39.595982728918
0.230726973081853,-40.2659986895227
0.231184764695111,-39.7536312326754
0.231642556308368,-39.3470811598173
0.232100347921626,-40.1065068765397
0.232558139534884,-40.6239264535738
0.233015931148141,-40.4458352338052
0.233473722761399,-40.4953393690298
0.233931514374657,-39.5523105935654
0.234389305987914,-41.1662802647341
0.234847097601172,-40.1246164391345
0.23530488921443,-41.2167481938927
0.235762680827687,-39.9709226938214
0.236220472440945,-41.0830261449504
0.236678264054203,-41.65638962407
0.23713605566746,-40.9869660255181
0.237593847280718,-39.8413749312618
0.238051638893975,-40.9305034427319
0.238509430507233,-40.3265859217349
0.238967222120491,-39.9679106418824
0.239425013733748,-39.7533455257504
0.239882805347006,-40.4614824342111
0.240340596960264,-39.7659978600126
0.240798388573521,-39.2876914429024
0.241256180186779,-39.4195858547293
0.241713971800037,-40.6357024982454
0.242171763413294,-40.6173058667974
0.242629555026552,-40.2258093122846
0.24308734663981,-39.4793130965705
0.243545138253067,-40.1739748632393
0.244002929866325,-39.2162453834787
0.244460721479582,-40.01104969803
0.24491851309284,-40.56080623254
0.245376304706098,-39.6784781647029
0.245834096319355,-39.617602789848
0.246291887932613,-40.7411232159553
0.246749679545871,-40.2327133679079
0.247207471159128,-39.9918574245605
0.247665262772386,-40.7301731153452
0.248123054385644,-39.186523954002
0.248580845998901,-40.2006669618123
0.249038637612159,-39.4352875727347
0.249496429225417,-39.9028873615039
0.249954220838674,-40.3522595494673
0.250412012451932,-40.6997178988749
0.250869804065189,-40.9779751516138
0.251327595678447,-40.32685849627
0.251785387291705,-38.87742398573
0.252243178904962,-41.9437453254013
0.25270097051822,-40.258743053189
0.253158762131478,-40.0613169950055
0.253616553744735,-39.9410808983026
0.254074345357993,-39.7624463325684
0.254532136971251,-40.627229538844
0.254989928584508,-39.6735767874342
0.255447720197766,-40.6113102583301
0.255905511811024,-40.6183030824949
0.256363303424281,-40.6823756590308
0.256821095037539,-39.8512730369735
0.257278886650797,-40.0308573626227
0.257736678264054,-40.013921920633
0.258194469877312,-39.6432982192635
0.258652261490569,-39.5517414089789
0.259110053103827,-40.7214945766335
0.259567844717085,-40.1692929752498
0.260025636330342,-40.2148628385232
0.2604834279436,-40.7603492818519
0.260941219556858,-40.8494597639997
0.261399011170115,-41.4898416147651
0.261856802783373,-40.239095031037
0.262314594396631,-39.8446027423711
0.262772386009888,-39.9913271513949
0.263230177623146,-40.6332597522512
0.263687969236404,-40.034035062891
0.264145760849661,-40.0172166765248
0.264603552462919,-40.555744166286
0.265061344076176,-39.6448115001559
0.265519135689434,-39.4368964054829
0.265976927302692,-40.2410306122618
0.266434718915949,-40.1892151983291
0.266892510529207,-40.2598507484626
0.267350302142465,-39.3225931545561
0.267808093755722,-40.2944573770018
0.26826588536898,-40.0931336876689
0.268723676982238,-39.4598205949056
0.269181468595495,-39.5884772928243
0.269639260208753,-38.8664058885537
0.270097051822011,-40.5641348257242
0.270554843435268,-40.3190708516629
0.271012635048526,-40.5728982198322
0.271470426661784,-40.0996258301719
0.271928218275041,-40.0071117258064
0.272386009888299,-40.4783550828129
0.272843801501556,-40.1555524405076
0.273301593114814,-39.9095575934038
0.273759384728072,-40.3554559837901
0.274217176341329,-39.4983484262189
0.274674967954587,-39.2149130565565
0.275132759567845,-40.6473086378696
0.275590551181102,-40.7252756283811
0.27604834279436,-39.9663576019812
0.276506134407618,-39.1671424769758
0.276963926020875,-40.3124755532522
0.277421717634133,-39.626345884261
0.277879509247391,-40.2445099764561
0.278337300860648,-39.4626923887022
0.278795092473906,-40.7325282431342
0.279252884087164,-39.9293666205701
0.279710675700421,-39.80139643755
0.280168467313679,-40.9996072878198
0.280626258926936,-40.4056566897807
0.281084050540194,-40.2381719676438
0.281541842153452,-40.6165135434654
0.281999633766709,-39.713657084064
0.282457425379967,-40.7877146678192
0.282915216993225,-39.9682272974944
0.283373008606482,-39.5785601144929
0.28383080021974,-39.4195690061067
0.284288591832998,-39.9466802542711
0.284746383446255,-39.4606187182323
0.285204175059513,-40.157928907311
0.28566196667277,-40.5011354549816
0.286119758286028,-40.224504353313
0.286577549899286,-40.0746438372979
0.287035341512543,-40.4193902332604
0.287493133125801,-40.1019676962822
0.287950924739059,-39.2629783286719
0.288408716352316,-39.5663552724983
0.288866507965574,-40.152578253137
0.289324299578832,-39.6601404490398
0.289782091192089,-39.0603711149791
0.290239882805347,-41.0067149494618
0.290697674418605,-40.9021600101298
0.291155466031862,-41.3933881311923
0.29161325764512,-39.3505696777254
0.292071049258378,-40.4488226653247
0.292528840871635,-40.238589852119
0.292986632484893,-40.5726688403707
0.29344442409815,-40.2950742604899
0.293902215711408,-21.7287063406664
0.294360007324666,-39.9471251250372
0.294817798937923,-40.4562997976243
0.295275590551181,-40.5717181012951
0.295733382164439,-40.5091878944447
0.296191173777696,-39.9338702881601
0.296648965390954,-39.5139371252987
0.297106757004212,-39.7341405597897
0.297564548617469,-40.5158900706029
0.298022340230727,-40.0717147708156
0.298480131843985,-40.2105394521564
0.298937923457242,-41.2123851751311
0.2993957150705,-40.2059009949199
0.299853506683758,-40.6490089606701
0.300311298297015,-41.4460432532359
0.300769089910273,-40.2875686002247
0.30122688152353,-39.5034275788838
0.301684673136788,-40.4666158390375
0.302142464750046,-39.9838712230621
0.302600256363303,-40.1844846618366
0.303058047976561,-39.9943375624823
0.303515839589819,-40.7370143958645
0.303973631203076,-40.0609288615084
0.304431422816334,-39.9470977220522
0.304889214429592,-40.444269978818
0.305347006042849,-41.1795296062631
0.305804797656107,-39.8870196178238
0.306262589269365,-39.7757738432074
0.306720380882622,-39.7769338683956
0.30717817249588,-40.3846072450722
0.307635964109137,-40.3494948224811
0.308093755722395,-41.4509742733181
0.308551547335653,-39.8187314234046
0.30900933894891,-39.1531328251682
0.309467130562168,-41.1568766701791
0.309924922175426,-40.7068783033089
0.310382713788683,-40.585592349045
0.310840505401941,-40.9352152752478
0.311298297015199,-40.2451799305058
0.311756088628456,-40.6949525729618
0.312213880241714,-39.7274442688726
0.312671671854972,-40.3720841799634
0.313129463468229,-39.6370350614926
0.313587255081487,-40.6374432224343
0.314045046694745,-39.1228168536904
0.314502838308002,-41.1475980472325
0.31496062992126,-40.4108912125305
0.315418421534517,-39.7966483490234
0.315876213147775,-40.7461223187602
0.316334004761033,-40.211335065242
0.31679179637429,-39.3362867392798
0.317249587987548,-41.4357154534273
0.317707379600806,-40.0256362662421
0.318165171214063,-39.6729520619418
0.318622962827321,-39.9454159597187
0.319080754440579,-40.4486216278962
0.319538546053836,-40.5625337110922
0.319996337667094,-40.1910976928494
0.320454129280352,-41.2356896580955
0.320911920893609,-40.1559196720348
0.321369712506867,-41.5605867146399
0.321827504120124,-40.6771213718915
0.322285295733382,-40.1108899637497
0.32274308734664,-40.2279628169517
0.323200878959897,-40.341266568034
0.323658670573155,-40.4276746944053
0.324116462186413,-39.7778887359301
0.32457425379967,-40.2517392714748
0.325032045412928,-39.6388015731067
0.325489837026186,-40.9859544473761
0.325947628639443,-40.5623969976076
0.326405420252701,-40.7214890626177
0.326863211865959,-40.5072360067391
0.327321003479216,-40.9871994434076
0.327778795092474,-40.8280886912324
0.328236586705732,-40.8362771361235
0.328694378318989,-39.6782841810031
0.329152169932247,-40.0039620022428
0.329609961545504,-40.4918308840619
0.330067753158762,-39.0093694981231
0.33052554477202,-39.974386208839
0.330983336385277,-40.1862451751649
0.331441127998535,-40.8069857879568
0.331898919611793,-40.9846503104123
0.33235671122505,-41.1108544859769
0.332814502838308,-40.392137845509
0.333272294451566,-39.6417748451975
0.333730086064823,-39.5585297584576
0.334187877678081,-40.4475946811982
0.334645669291339,-40.7930307871357
0.335103460904596,-40.8572532858984
0.335561252517854,-39.5553387131053
0.336019044131111,-40.1028660745599
0.336476835744369,-40.8110617499666
0.336934627357627,-39.5596112595297
0.337392418970884,-40.3223706680988
0.337850210584142,-40.7463482303467
0.3383080021974,-40.0053384706195
0.338765793810657,-40.3076809686901
0.339223585423915,-40.6414579324608
0.339681377037173,-40.3676354874048
0.34013916865043,-40.4322364161143
0.340596960263688,-40.2642728344843
0.341054751876946,-41.267975445817
0.341512543490203,-40.363716642899
0.341970335103461,-40.2059888369114
0.342428126716719,-39.5558107951544
0.342885918329976,-39.3207238038881
0.343343709943234,-40.4873520334412
0.343801501556491,-40.3055035902633
0.344259293169749,-39.7215281907578
0.344717084783007,-38.5796925865004
0.345174876396264,-41.4310488562356
0.345632668009522,-39.0540597037786
0.34609045962278,-40.1322107415032
0.346548251236037,-40.410117368211
0.347006042849295,-39.9831740091973
0.347463834462553,-40.8577518737304
0.34792162607581,-40.5755849815651
0.348379417689068,-40.360163020714
0.348837209302326,-40.3060006284323
0.349295000915583,-39.6258688724361
0.349752792528841,-39.7330749016208
0.350210584142098,-41.0071797012263
0.350668375755356,-41.7088098230159
0.351126167368614,-41.466064079187
0.351583958981871,-40.6012445615725
0.352041750595129,-40.9466316233792
0.352499542208387,-39.4866411794151
0.352957333821644,-41.1469758753976
0.353415125434902,-40.4278058387207
0.35387291704816,-39.4083893536957
0.354330708661417,-39.4466212470577
0.354788500274675,-40.9897738058508
0.355246291887933,-39.6458934143574
0.35570408350119,-40.290822950596
0.356161875114448,-40.776397378032
0.356619666727706,-41.8541161525227
0.357077458340963,-39.3564493803594
0.357535249954221,-40.2521127170506
0.357993041567478,-40.2839840086791
0.358450833180736,-39.8313733783304
0.358908624793994,-40.2855063948316
0.359366416407251,-40.332979120844
0.359824208020509,-40.6465144988602
0.360281999633767,-40.484972062553
0.360739791247024,-40.0540496484189
0.361197582860282,-39.8488136994464
0.36165537447354,-39.7954141684102
0.362113166086797,-40.1473923910799
0.362570957700055,-39.8507875626216
0.363028749313313,-39.7983850799382
0.36348654092657,-40.3826092761982
0.363944332539828,-40.6375236566111
0.364402124153085,-40.5242713006824
0.364859915766343,-40.3535329907581
0.365317707379601,-39.9496780870414
0.365775498992858,-40.2567433124474
0.366233290606116,-39.7296001980656
0.366691082219374,-40.156829813678
0.367148873832631,-40.659652857941
0.367606665445889,-40.5591408774764
0.368064457059147,-40.9467584929197
0.368522248672404,-41.0392808028234
0.368980040285662,-40.0337567841221
0.36943783189892,-40.5292139997297
0.369895623512177,-40.0568295421729
0.370353415125435,-40.7002861716047
0.370811206738693,-40.2670652137362
0.37126899835195,-40.3622924410517
0.371726789965208,-40.386580837455
0.372184581578465,-39.9808907728908
0.372642373191723,-39.8888176424323
0.373100164804981,-40.1294629750141
0.373557956418238,-40.9004883537999
0.374015748031496,-39.5291556758549
0.374473539644754,-40.0490944346776
0.374931331258011,-40.7525033830476
0.375389122871269,-39.6782272529552
0.375846914484527,-40.1592238063934
0.376304706097784,-39.9214687846433
0.376762497711042,-40.51037037468
0.3772202893243,-39.2704016200576
0.377678080937557,-39.779627896492
0.378135872550815,-31.760296695012
0.378593664164072,-39.1561595595677
0.37905145577733,-41.2653075522268
0.379509247390588,-40.0128142408824
0.379967039003845,-40.5396201621957
0.380424830617103,-40.005544533988
0.380882622230361,-41.7475528255342
0.381340413843618,-40.4597108230815
0.381798205456876,-39.6913477215637
0.382255997070134,-39.6671382345046
0.382713788683391,-41.4388774541877
0.383171580296649,-40.2193698307103
0.383629371909907,-39.6382856350199
0.384087163523164,-41.0515354448312
0.384544955136422,-40.5957739970695
0.385002746749679,-40.3765588585789
0.385460538362937,-39.9715720889273
0.385918329976195,-40.0156481933576
0.386376121589452,-39.7519327999085
0.38683391320271,-40.0918736860652
0.387291704815968,-40.3820722331107
0.387749496429225,-40.0807931348205
0.388207288042483,-40.2891083858449
0.388665079655741,-40.6826936139928
0.389122871268998,-40.1176714624225
0.389580662882256,-40.3556154850734
0.390038454495514,-40.9741854696754
0.390496246108771,-40.2867033739685
0.390954037722029,-41.3770749056353
0.391411829335287,-40.0270467951592
0.391869620948544,-39.3830264610055
0.392327412561802,-39.9101592629216
0.39278520417506,-39.9221098677159
0.393242995788317,-40.6387379930538
0.393700787401575,-40.3444584521535
0.394158579014832,-40.3339074087409
0.39461637062809,-38.8752481518707
0.395074162241348,-40.0543385938337
0.395531953854605,-40.9622063063698
0.395989745467863,-40.6645542496263
0.396447537081121,-39.6287058153738
0.396905328694378,-40.5883481607584
0.397363120307636,-40.0812888274635
0.397820911920894,-41.333868701063
0.398278703534151,-40.7790336508185
0.398736495147409,-41.0139084049468
0.399194286760666,-41.317129224691
0.399652078373924,-40.1607019642329
0.400109869987182,-40.0387744865064
0.400567661600439,-40.3003473617444
0.401025453213697,-39.347321000019
0.401483244826955,-39.5328264751353
0.401941036440212,-39.4765694045703
0.40239882805347,-39.5407070425901
0.402856619666728,-40.4288672366784
0.403314411279985,-38.9833271404761
0.403772202893243,-40.2528650437576
0.404229994506501,-40.8822748268763
0.404687786119758,-40.2723814405275
0.405145577733016,-39.1147899510994
0.405603369346274,-39.5568790369294
0.406061160959531,-40.0903325719731
0.406518952572789,-40.3647830362097
0.406976744186046,-41.49961315467
0.407434535799304,-39.6630501400241
0.407892327412562,-40.2939944361984
0.408350119025819,-39.7036115501739
0.408807910639077,-40.1638866176866
0.409265702252335,-39.8255579060316
0.409723493865592,-39.6156197709771
0.41018128547885,-40.2727068633455
0.410639077092108,-39.8558117693524
0.411096868705365,-41.626876695414
0.411554660318623,-40.2555241702823
0.412012451931881,-39.7567599279008
0.412470243545138,-40.2488989053901
0.412928035158396,-39.519094814607
0.413385826771654,-40.4640775276324
0.413843618384911,-39.9472478072577
0.414301409998169,-39.9128097406974
0.414759201611426,-39.9387420225173
0.415216993224684,-40.3246388783652
0.415674784837942,-40.8803800749506
0.416132576451199,-40.9625824236033
0.416590368064457,-40.9230927505678
0.417048159677715,-40.7096546362339
0.417505951290972,-40.2208020850794
0.41796374290423,-40.1013023998666
0.418421534517488,-40.0485381670271
0.418879326130745,-40.3610348180265
0.419337117744003,-39.9091170221635
0.419794909357261,-40.3534200337605
0.420252700970518,-39.8832610356098
0.420710492583776,-39.7780843958001
0.421168284197033,-40.8872719896387
0.421626075810291,-39.8659033952154
0.422083867423549,-40.5861614817161
0.422541659036806,-39.4029420032128
0.422999450650064,-39.7724001399898
0.423457242263322,-40.0096651222031
0.423915033876579,-40.5962310598491
0.424372825489837,-39.8260085800185
0.424830617103095,-40.2879832748063
0.425288408716352,-40.1700154102232
0.42574620032961,-39.8383650466953
0.426203991942868,-39.9732105691508
0.426661783556125,-40.9242488468211
0.427119575169383,-40.2064299032144
0.427577366782641,-41.1148351610385
0.428035158395898,-40.9552739777276
0.428492950009156,-41.3176669569403
0.428950741622413,-39.2225792789963
0.429408533235671,-40.3833471718661
0.429866324848929,-39.9834262354659
0.430324116462186,-41.097558431875
0.430781908075444,-39.3756223392981
0.431239699688702,-40.0640856922391
0.431697491301959,-39.8620116791326
0.432155282915217,-39.3697175241597
0.432613074528475,-40.0791946516771
0.433070866141732,-41.1554755396474
0.43352865775499,-40.5363539402152
0.433986449368247,-41.0662932302296
0.434444240981505,-40.477488206366
0.434902032594763,-38.9668578447731
0.43535982420802,-39.9106158747157
0.435817615821278,-40.4333222402408
0.436275407434536,-39.562712378276
0.436733199047793,-39.9733356932997
0.437190990661051,-39.9531651563296
0.437648782274309,-41.3417632129332
0.438106573887566,-39.8726380050072
0.438564365500824,-40.5596034487255
0.439022157114082,-39.2358066000606
0.439479948727339,-39.2784248805599
0.439937740340597,-40.2267158131269
0.440395531953855,-40.2876132378034
0.440853323567112,-39.7829926107716
0.44131111518037,-39.7287571210398
0.441768906793628,-40.0542519609972
0.442226698406885,-39.9038415594413
0.442684490020143,-39.6726935731218
0.4431422816334,-40.0345306362143
0.443600073246658,-39.9767844642058
0.444057864859916,-40.8175655379557
0.444515656473173,-41.9869958713157
0.444973448086431,-40.5744522844428
0.445431239699689,-39.4403093217717
0.445889031312946,-39.7279447751657
0.446346822926204,-41.1056204805771
0.446804614539462,-40.4644304282735
0.447262406152719,-39.9722014421685
0.447720197765977,-40.4341719474498
0.448177989379235,-40.9390168228286
0.448635780992492,-40.2133466522915
0.44909357260575,-40.044357605406
0.449551364219007,-40.1785743664291
0.450009155832265,-40.2345670999225
0.450466947445523,-41.2052122434293
0.45092473905878,-39.189247298591
0.451382530672038,-39.9850947568126
0.451840322285296,-40.7148254635123
0.452298113898553,-38.9641240266897
0.452755905511811,-39.3206461879046
0.453213697125069,-39.8575986079553
0.453671488738326,-40.7361895497664
0.454129280351584,-39.4798689010079
0.454587071964842,-39.5629409663127
0.455044863578099,-40.313160151409
0.455502655191357,-40.4592669712904
0.455960446804615,-39.8191916952536
0.456418238417872,-40.7435965224256
0.45687603003113,-40.9443944092321
0.457333821644387,-40.0594052072165
0.457791613257645,-40.4989472471852
0.458249404870903,-40.9435176416206
0.45870719648416,-40.216732385446
0.459164988097418,-39.5377567448857
0.459622779710676,-39.4953805420772
0.460080571323933,-40.9656827589717
0.460538362937191,-39.8325502117869
0.460996154550449,-40.9996105924762
0.461453946163706,-40.5718145144907
0.461911737776964,-42.4038203745928
0.462369529390222,-39.8439378570589
0.462827321003479,-40.6392682118378
0.463285112616737,-41.7930104771494
0.463742904229994,-40.0965137303423
0.464200695843252,-39.861402865334
0.46465848745651,-39.7388655614837
0.465116279069767,-40.5805844622454
0.465574070683025,-39.550485168154
0.466031862296283,-41.099833982219
0.46648965390954,-39.9163846059687
0.466947445522798,-40.6288615969764
0.467405237136056,-41.5060892063906
0.467863028749313,-41.673857724244
0.468320820362571,-40.3041929481633
0.468778611975829,-39.8763646460479
0.469236403589086,-40.4061789614653
0.469694195202344,-41.054295754006
0.470151986815601,-39.7721654918019
0.470609778428859,-40.3838878985427
0.471067570042117,-40.8365775325801
0.471525361655374,-39.9213232482512
0.471983153268632,-40.3276352821576
0.47244094488189,-40.9978072394977
0.472898736495147,-40.2254228219363
0.473356528108405,-39.5571019533529
0.473814319721663,-40.2385584066273
0.47427211133492,-40.110663118151
0.474729902948178,-39.9304368871354
0.475187694561436,-40.9417440878033
0.475645486174693,-40.7408652232156
0.476103277787951,-41.413462997152
0.476561069401209,-39.2057792637031
0.477018861014466,-40.9445756346614
0.477476652627724,-40.1847446600191
0.477934444240981,-41.0901829789211
0.478392235854239,-40.3474229925762
0.478850027467497,-40.9904726818377
0.479307819080754,-39.8648772453996
0.479765610694012,-40.9586246129556
0.48022340230727,-40.124425019068
0.480681193920527,-39.8118815094841
0.481138985533785,-39.4400246810529
0.481596777147043,-39.3610738621943
0.4820545687603,-39.6039729378475
0.482512360373558,-39.7534444794248
0.482970151986816,-39.7664892103064
0.483427943600073,-40.3867130269818
0.483885735213331,-40.5942110937015
0.484343526826588,-40.2135971946536
0.484801318439846,-39.6744676460736
0.485259110053104,-40.9653171616736
0.485716901666361,-40.9185521177355
0.486174693279619,-40.6138282429912
0.486632484892877,-39.5792255075812
0.487090276506134,-40.7734656756534
0.487548068119392,-41.0189025180886
0.48800585973265,-41.0458776392473
0.488463651345907,-40.447208416376
0.488921442959165,-40.3208522652405
0.489379234572423,-39.8703259998305
0.48983702618568,-39.9368269064408
0.490294817798938,-40.626240856345
0.490752609412196,-38.9082548760397
0.491210401025453,-39.3802756964552
0.491668192638711,-39.8392319265303
0.492125984251968,-40.0772028117118
0.492583775865226,-40.274370608494
0.493041567478484,-40.8431549781387
0.493499359091741,-40.3045805633803
0.493957150704999,-40.8237324832125
0.494414942318257,-40.8879656606071
0.494872733931514,-40.4033320612653
0.495330525544772,-40.5481773261443
0.49578831715803,-39.3304641241748
0.496246108771287,-40.5620795449256
0.496703900384545,-40.6779051184257
0.497161691997803,-39.4228241971458
0.49761948361106,-40.4687769183169
0.498077275224318,-40.2651016057419
0.498535066837575,-40.3669454397994
0.498992858450833,-39.023773451278
0.499450650064091,-39.9420347252358
0.499908441677348,-38.8449344010707
0.500366233290606,-40.512235908074
0.500824024903864,-40.6294243578261
0.501281816517121,-40.3649530810958
0.501739608130379,-40.1042299585266
0.502197399743637,-40.2401187559934
0.502655191356894,-40.2231329572174
0.503112982970152,-40.7124411197605
0.50357077458341,-41.1396763362912
0.504028566196667,-32.3173648207135
0.504486357809925,-39.6653796398815
0.504944149423183,-41.0982829048714
0.50540194103644,-39.9088373456469
0.505859732649698,-40.5467390930806
0.506317524262955,-39.2931465752831
0.506775315876213,-39.9798634115387
0.507233107489471,-40.1785551482718
0.507690899102728,-40.3010498201028
0.508148690715986,-41.5207809860829
0.508606482329244,-39.9058573351929
0.509064273942501,-40.9131014521603
0.509522065555759,-40.1098242063373
0.509979857169017,-40.0853672640435
0.510437648782274,-41.4655152012525
0.510895440395532,-40.5966603826597
0.51135323200879,-40.5877656898235
0.511811023622047,-40.6604143112047
0.512268815235305,-38.8818511749264
0.512726606848563,-39.495676013219
0.51318439846182,-40.1609860681023
0.513642190075078,-39.4285486032188
0.514099981688335,-39.862801908399
0.514557773301593,-41.4904717952888
0.515015564914851,-40.9443154522693
0.515473356528108,-40.0938535893896
0.515931148141366,-41.0075245868389
0.516388939754624,-40.8869533096176
0.516846731367881,-39.6297970512583
0.517304522981139,-40.7325194028155
0.517762314594397,-38.6212111865382
0.518220106207654,-40.0957639560791
0.518677897820912,-39.7287919315078
0.51913568943417,-40.1869231606518
0.519593481047427,-40.1810929584601
0.520051272660685,-40.0839540132565
0.520509064273943,-40.1721610682141
0.5209668558872,-41.1729611724402
0.521424647500458,-40.094781564454
0.521882439113715,-39.5280844105819
0.522340230726973,-39.6200004702782
0.522798022340231,-38.8082122408501
0.523255813953488,-40.6182056249142
0.523713605566746,-40.1883600666316
0.524171397180004,-39.6212281899232
0.524629188793261,-40.1754997995747
0.525086980406519,-39.7019102490954
0.525544772019777,-40.7160595937055
0.526002563633034,-39.2103358087071
0.526460355246292,-40.6357521641955
0.526918146859549,-40.0061272647257
0.527375938472807,-39.4167512369067
0.527833730086065,-38.8393944398534
0.528291521699322,-36.1769680924121
0.52874931331258,-33.2336125355833
0.529207104925838,-31.893524972171
0.529664896539095,-29.5045478196295
0.530122688152353,-30.2294350796159
0.530580479765611,-28.7677698632682
0.531038271378868,-25.4382326371946
0.531496062992126,-24.6343402929353
0.531953854605384,-23.8689089559714
0.532411646218641,-20.6705968391079
0.532869437831899,-19.0113536863963
0.533327229445157,-19.3301340575588
0.533785021058414,-19.3369278812461
0.534242812671672,-19.3320051426625
0.534700604284929,-18.5301823564273
0.535158395898187,-17.6569230748479
0.535616187511445,-17.3083911459324
0.536073979124702,-16.2124391228209
0.53653177073796,-16.1678032001599
0.536989562351218,-15.5723626614574
0.537447353964475,-15.2630140266646
0.537905145577733,-15.8457148993092
0.538362937190991,-15.5905097199071
0.538820728804248,-14.7500828588593
0.539278520417506,-13.4800478183236
0.539736312030764,-13.7911235869449
0.540194103644021,-13.0620852521867
0.540651895257279,-14.5838661189296
0.541109686870536,-13.46285735736
0.541567478483794,-12.7131573923418
0.542025270097052,-13.2874145223237
0.542483061710309,-13.643270150608
0.542940853323567,-14.7277371983388
0.543398644936825,-12.0232022603815
0.543856436550082,-12.6371168651432
0.54431422816334,-11.4548478538545
0.544772019776598,-11.6750391185389
0.545229811389855,-11.9266881223373
0.545687603003113,-11.5331951054532
0.546145394616371,-11.5118040731767
0.546603186229628,-11.1998586593488
0.547060977842886,-12.071654481001
0.547518769456144,-13.359273737318
0.547976561069401,-12.5748165800913
0.548434352682659,-12.9916797165145
0.548892144295916,-11.9038613814235
0.549349935909174,-10.9050991804277
0.549807727522432,-11.243204728258
0.550265519135689,-11.6592837207389
0.550723310748947,-12.2592594893934
0.551181102362205,-12.671762081703
0.551638893975462,-12.7848623059006
0.55209668558872,-12.8155560676605
0.552554477201978,-11.2549576424965
0.553012268815235,-11.057244274439
0.553470060428493,-12.5954061041628
0.553927852041751,-12.9884800769995
0.554385643655008,-11.2206665063886
0.554843435268266,-11.8222904829204
0.555301226881524,-11.7051757507606
0.555759018494781,-11.8224091107836
0.556216810108039,-11.7542167604688
0.556674601721296,-11.7064331980055
0.557132393334554,-11.9236479804011
0.557590184947812,-11.7202132346963
0.558047976561069,-14.8316736633679
0.558505768174327,-10.9362754519332
0.558963559787585,-11.2059209185785
0.559421351400842,-12.5027749651645
0.5598791430141,-10.5705196079493
0.560336934627358,-12.1641290045426
0.560794726240615,-10.808521987664
0.561252517853873,-11.5936837523467
0.561710309467131,-12.2729769845647
0.562168101080388,-10.7104581517559
0.562625892693646,-12.122426376568
0.563083684306903,-13.5859615737132
0.563541475920161,-11.1073587973034
0.563999267533419,-10.9755051013623
0.564457059146676,-11.4791449032252
0.564914850759934,-9.52148712139524
0.565372642373192,-12.4956354625581
0.565830433986449,-12.4184298419604
0.566288225599707,-11.6944052785289
0.566746017212965,-13.0163567590255
0.567203808826222,-11.0529465777378
0.56766160043948,-12.8068116246221
0.568119392052738,-12.1958208639921
0.568577183665995,-11.3293645810589
0.569034975279253,-12.0076627039604
0.56949276689251,-12.9695948194665
0.569950558505768,-11.138831767238
0.570408350119026,-14.1072222368828
0.570866141732283,-12.8058258222697
0.571323933345541,-12.6137865161872
0.571781724958799,-14.3567761545032
0.572239516572056,-12.6040314509343
0.572697308185314,-12.2792587653171
0.573155099798572,-13.0796279626011
0.573612891411829,-10.5930820251713
0.574070683025087,-12.7321737822042
0.574528474638345,-12.7967276202714
0.574986266251602,-10.888084303969
0.57544405786486,-11.7890026037484
0.575901849478118,-13.2119283089364
0.576359641091375,-12.4597317796744
0.576817432704633,-12.8301264430662
0.57727522431789,-13.3118886763099
0.577733015931148,-11.1997956132536
0.578190807544406,-11.9675910958581
0.578648599157663,-10.939401017767
0.579106390770921,-10.6584774994017
0.579564182384179,-14.0851942826253
0.580021973997436,-11.7683203091754
0.580479765610694,-12.4761680618547
0.580937557223952,-11.9186610966955
0.581395348837209,-11.480403259208
0.581853140450467,-11.818874973951
0.582310932063725,-12.681462325511
0.582768723676982,-12.5543144525004
0.58322651529024,-12.1814992585866
0.583684306903497,-12.4520957878522
0.584142098516755,-12.469893835132
0.584599890130013,-11.568567475682
0.58505768174327,-11.1581816749021
0.585515473356528,-11.9921226572276
0.585973264969786,-12.1724286718734
0.586431056583043,-10.5273958529311
0.586888848196301,-11.0349297212558
0.587346639809559,-10.947103765208
0.587804431422816,-14.285703384747
0.588262223036074,-12.5968174939011
0.588720014649332,-11.2359228497252
0.589177806262589,-14.6160416013714
0.589635597875847,-11.6898998806779
0.590093389489105,-12.4928147373672
0.590551181102362,-12.8704502670811
0.59100897271562,-12.1366240225047
0.591466764328877,-10.4160798152138
0.591924555942135,-10.6076366404596
0.592382347555393,-11.06746908983
0.59284013916865,-11.6973545149979
0.593297930781908,-11.0214816740738
0.593755722395166,-13.4462974342159
0.594213514008423,-11.9014457486879
0.594671305621681,-11.0294287505923
0.595129097234939,-12.2872411360285
0.595586888848196,-11.223415297929
0.596044680461454,-12.1979548337215
0.596502472074712,-10.326330802456
0.596960263687969,-10.5755503739307
0.597418055301227,-9.50435741797756
0.597875846914484,-12.1052508724365
0.598333638527742,-10.1896493177129
0.598791430141,-12.5152216873868
0.599249221754257,-11.2087605724509
0.599707013367515,-11.0234322159006
0.600164804980773,-12.4036803838368
0.60062259659403,-10.5616467934643
0.601080388207288,-12.7870232498179
0.601538179820546,-12.1445966261758
0.601995971433803,-11.5964860523874
0.602453763047061,-11.7225364755866
0.602911554660319,-13.4739931057649
0.603369346273576,-12.90396853335
0.603827137886834,-12.8109362508419
0.604284929500092,-11.6037915111137
0.604742721113349,-12.3815138919416
0.605200512726607,-12.3300058448957
0.605658304339864,-11.5107414956795
0.606116095953122,-13.1955158590728
0.60657388756638,-12.0374049421672
0.607031679179637,-13.3401200641787
0.607489470792895,-11.7998158757122
0.607947262406153,-11.4434331908126
0.60840505401941,-12.7000330846082
0.608862845632668,-9.98913225302833
0.609320637245926,-12.2799802852127
0.609778428859183,-10.8368295854915
0.610236220472441,-12.1385084302288
0.610694012085699,-10.5518827784566
0.611151803698956,-11.4068247056981
0.611609595312214,-12.8867797754861
0.612067386925471,-10.7886446910243
0.612525178538729,-10.9403842867956
0.612982970151987,-11.3945042464352
0.613440761765244,-11.7218009006514
0.613898553378502,-11.5421564234532
0.61435634499176,-12.1363926867134
0.614814136605017,-11.7812559419679
0.615271928218275,-11.696848255576
0.615729719831533,-10.5835705885125
0.61618751144479,-10.3841132897816
0.616645303058048,-12.8708475156571
0.617103094671306,-10.5010167131712
0.617560886284563,-12.5764467722283
0.618018677897821,-10.5615174996112
0.618476469511078,-11.9527480371596
0.618934261124336,-10.2962916120531
0.619392052737594,-11.8210593756987
0.619849844350851,-11.839522632609
0.620307635964109,-11.6100731909143
0.620765427577367,-11.239700231528
0.621223219190624,-11.9986663944683
0.621681010803882,-10.6433916726074
0.62213880241714,-11.2130576790259
0.622596594030397,-11.5399774559498
0.623054385643655,-12.5315008565652
0.623512177256913,-11.7072927860172
0.62396996887017,-10.7907715352827
0.624427760483428,-12.2050605224985
0.624885552096686,-10.3509979348353
0.625343343709943,-10.8998215607433
0.625801135323201,-11.7672278155252
0.626258926936458,-13.8869308406366
0.626716718549716,-12.481768849584
0.627174510162974,-14.3559038397756
0.627632301776231,-10.4849963698061
0.628090093389489,-11.057943509467
0.628547885002747,-12.5214340085604
0.629005676616004,-11.3088474001213
0.629463468229262,-11.3360897606765
0.62992125984252,-11.8386143923354
0.630379051455777,-12.0548662263085
0.630836843069035,-10.7377690144764
0.631294634682293,-12.1785557251032
0.63175242629555,-12.4653149349906
0.632210217908808,-14.3367304460692
0.632668009522065,-11.8036339281572
0.633125801135323,-10.8571961407281
0.633583592748581,-11.8687544342104
0.634041384361838,-12.1141280774217
0.634499175975096,-11.6321795933069
0.634956967588354,-12.3975217805143
0.635414759201611,-11.5242925380606
0.635872550814869,-11.3575046389863
0.636330342428127,-10.0481003185715
0.636788134041384,-10.9734907279114
0.637245925654642,-11.3783954216265
0.6377037172679,-10.9818827011245
0.638161508881157,-10.8713973513847
0.638619300494415,-12.2225691115068
0.639077092107673,-10.8922376218157
0.63953488372093,-12.0650768708052
0.639992675334188,-10.9722304465013
0.640450466947446,-12.2583768605735
0.640908258560703,-11.0523330650987
0.641366050173961,-10.057656393073
0.641823841787218,-11.4141876193281
0.642281633400476,-10.3626482258825
0.642739425013734,-10.4672358049587
0.643197216626991,-12.4157941920045
0.643655008240249,-12.2759820937075
0.644112799853507,-11.7950767254974
0.644570591466764,-11.1647233826411
0.645028383080022,-11.5382136364876
0.64548617469328,-11.8340658313054
0.645943966306537,-11.6469864090753
0.646401757919795,-11.2747125451142
0.646859549533052,-10.8202724066178
0.64731734114631,-11.1832369411108
0.647775132759568,-11.8717617659705
0.648232924372825,-10.9338380800951
0.648690715986083,-10.9129343780918
0.649148507599341,-11.0496774271848
0.649606299212598,-12.0393362516358
0.650064090825856,-11.4880848973624
0.650521882439114,-10.151533963768
0.650979674052371,-11.6748324532006
0.651437465665629,-10.3151380485853
0.651895257278887,-10.732370504038
0.652353048892144,-8.43889615803027
0.652810840505402,-13.4128755065658
0.653268632118659,-14.0925377716377
0.653726423731917,-15.048374312697
0.654184215345175,-11.5617769366402
0.654642006958432,-10.7870138441389
0.65509979857169,-12.6728838075819
0.655557590184948,-12.1883928766443
0.656015381798205,-11.9471343984912
0.656473173411463,-12.2411609909641
0.656930965024721,-12.1113660380588
0.657388756637978,-12.7898810271592
0.657846548251236,-11.5792997692797
0.658304339864494,-11.1352650266981
0.658762131477751,-11.91467701024
0.659219923091009,-11.8029232021361
0.659677714704267,-10.8155835111676
0.660135506317524,-13.2057992279465
0.660593297930782,-11.5130174505217
0.661051089544039,-11.5142013453224
0.661508881157297,-10.6624372682465
0.661966672770555,-10.0766162289507
0.662424464383812,-14.0432951763564
0.66288225599707,-11.9729773423162
0.663340047610328,-12.4761567604866
0.663797839223585,-13.8976944546767
0.664255630836843,-12.881131771381
0.664713422450101,-13.0752825754117
0.665171214063358,-10.9256662742248
0.665629005676616,-12.4162666512471
0.666086797289874,-13.1516847138705
0.666544588903131,-13.9979404697088
0.667002380516389,-10.2098786954472
0.667460172129647,-12.1549833953139
0.667917963742904,-11.6038099085342
0.668375755356162,-12.6180687201085
0.668833546969419,-12.430454574477
0.669291338582677,-12.3225356964861
0.669749130195935,-12.5660913499156
0.670206921809192,-11.6513940495461
0.67066471342245,-12.1121447010512
0.671122505035708,-12.7615133513902
0.671580296648965,-12.0474042725212
0.672038088262223,-11.5143448691446
0.672495879875481,-11.8989381587175
0.672953671488738,-11.4181200641731
0.673411463101996,-12.8793290831147
0.673869254715254,-12.1002413898014
0.674327046328511,-12.4345498324972
0.674784837941769,-11.7903779112725
0.675242629555027,-11.0131610191862
0.675700421168284,-11.5974380682475
0.676158212781542,-12.5122738471375
0.6766160043948,-12.140003702985
0.677073796008057,-12.5356174326194
0.677531587621315,-12.1928689748957
0.677989379234572,-12.101477737853
0.67844717084783,-12.695701165928
0.678904962461088,-13.5353002146435
0.679362754074345,-11.1608983545907
0.679820545687603,-11.6829925131286
0.680278337300861,-13.0919776007635
0.680736128914118,-12.9854508493235
0.681193920527376,-12.8843151768408
0.681651712140633,-11.2453202416556
0.682109503753891,-13.102614954844
0.682567295367149,-11.6796865627749
0.683025086980406,-11.3763796167882
0.683482878593664,-11.9990731445033
0.683940670206922,-11.8040843696946
0.684398461820179,-12.8686881918396
0.684856253433437,-12.140412149782
0.685314045046695,-12.1566056928294
0.685771836659952,-11.4223381465875
0.68622962827321,-11.4761230044091
0.686687419886468,-12.1661660544207
0.687145211499725,-11.6109133196846
0.687603003112983,-12.4452890811419
0.68806079472624,-12.9193582844588
0.688518586339498,-10.890183407274
0.688976377952756,-13.3290841736534
0.689434169566013,-11.1606879227283
0.689891961179271,-11.7979803241338
0.690349752792529,-11.6327912152102
0.690807544405786,-12.6407353818575
0.691265336019044,-11.8639252314736
0.691723127632302,-12.7186395493569
0.692180919245559,-12.6395110867187
0.692638710858817,-11.5557260624724
0.693096502472075,-12.8662875779307
0.693554294085332,-13.1537610095332
0.69401208569859,-12.1947380938062
0.694469877311848,-12.7126540659997
0.694927668925105,-13.3691244796959
0.695385460538363,-12.1837786300667
0.69584325215162,-13.3902990761994
0.696301043764878,-13.6303056325703
0.696758835378136,-13.3528966674321
0.697216626991393,-11.5251772033024
0.697674418604651,-12.9535489852321
0.698132210217909,-12.0549761049633
0.698590001831166,-10.8265391840258
0.699047793444424,-11.0873007907334
0.699505585057682,-11.8439540437464
0.699963376670939,-12.401872271368
0.700421168284197,-12.4535198310714
0.700878959897455,-12.0099515932085
0.701336751510712,-11.8065941711098
0.70179454312397,-13.3924711914558
0.702252334737228,-11.3847848478995
0.702710126350485,-11.453076739221
0.703167917963743,-12.1801706911267
0.703625709577001,-14.1203320443939
0.704083501190258,-11.7344887443913
0.704541292803516,-13.3327957751731
0.704999084416773,-11.9481468715172
0.705456876030031,-11.8326752488848
0.705914667643289,-13.5269110908052
0.706372459256546,-12.259759104126
0.706830250869804,-11.50079532606
0.707288042483062,-11.6001700899871
0.707745834096319,-11.4562985839475
0.708203625709577,-13.6663638313175
0.708661417322835,-10.9743352833679
0.709119208936092,-12.3945502742356
0.70957700054935,-12.6851830924561
0.710034792162608,-10.4900150133546
0.710492583775865,-13.2019790147499
0.710950375389123,-12.5513331196688
0.711408167002381,-12.0411361010815
0.711865958615638,-12.6523702390343
0.712323750228896,-11.4418315618999
0.712781541842153,-10.8416844898477
0.713239333455411,-12.9646515304711
0.713697125068669,-12.0368625059711
0.714154916681926,-13.0345036837642
0.714612708295184,-11.5610026362349
0.715070499908442,-12.1215366835757
0.715528291521699,-13.6947556492326
0.715986083134957,-12.3737493161684
0.716443874748215,-11.7861324434503
0.716901666361472,-12.472150020268
0.71735945797473,-11.6665524358068
0.717817249587987,-12.3830426603627
0.718275041201245,-11.1006121022282
0.718732832814503,-12.4975391460019
0.71919062442776,-11.5032139331277
0.719648416041018,-11.6458599496972
0.720106207654276,-13.628813160122
0.720563999267533,-12.1389144345087
0.721021790880791,-11.8994118386388
0.721479582494049,-12.5044977591728
0.721937374107306,-14.1399497673765
0.722395165720564,-11.6338914431909
0.722852957333821,-14.0325351504442
0.723310748947079,-14.6281508030024
0.723768540560337,-13.4281565918496
0.724226332173594,-13.4276423672484
0.724684123786852,-12.4833520650231
0.72514191540011,-11.9258196053356
0.725599707013367,-12.5622359965452
0.726057498626625,-11.5669646908701
0.726515290239883,-13.1655771833706
0.72697308185314,-11.5609314298413
0.727430873466398,-12.0034294269766
0.727888665079656,-13.309008026819
0.728346456692913,-12.2669845227889
0.728804248306171,-11.7692863301316
0.729262039919429,-12.213641418229
0.729719831532686,-12.2500929361136
0.730177623145944,-14.2214073212271
0.730635414759202,-15.2923540587182
0.731093206372459,-12.7980716041453
0.731550997985717,-13.7919683130599
0.732008789598974,-13.4751201506486
0.732466581212232,-11.9930304667031
0.73292437282549,-11.0517506781745
0.733382164438747,-12.5498450581873
0.733839956052005,-13.1995448331518
0.734297747665263,-13.8365966004454
0.73475553927852,-13.7513218451915
0.735213330891778,-13.4356018955524
0.735671122505036,-14.3583340960212
0.736128914118293,-13.2298077957297
0.736586705731551,-13.7695005215028
0.737044497344809,-14.9021772203176
0.737502288958066,-14.034522087092
0.737960080571324,-16.3313962150026
0.738417872184582,-16.0996592629232
0.738875663797839,-14.9010914542605
0.739333455411097,-16.0881023430611
0.739791247024355,-16.3269843495735
0.740249038637612,-15.8293953449387
0.74070683025087,-18.1330847792729
0.741164621864127,-18.1084035093887
0.741622413477385,-17.6380222197762
0.742080205090643,-19.1727617187777
0.7425379967039,-20.5229101159275
0.742995788317158,-21.9779281299872
0.743453579930416,-20.8694793018619
0.743911371543673,-22.9945726328044
0.744369163156931,-22.6401403295123
0.744826954770189,-24.108878781426
0.745284746383446,-27.130616344303
0.745742537996704,-28.2754624548223
0.746200329609962,-30.8527164954639
0.746658121223219,-32.9183529030492
0.747115912836477,-35.3693377793515
0.747573704449734,-33.3977898086664
0.748031496062992,-12.768316350753
0.74848928767625,-39.4996564514146
0.748947079289507,-37.3000583160601
0.749404870902765,-33.6382936594333
0.749862662516023,-30.4495665929054
0.75032045412928,-28.24305796737
0.750778245742538,-26.4474139986758
0.751236037355796,-24.5608933232511
0.751693828969053,-22.6473693350134
0.752151620582311,-22.5555229549919
0.752609412195569,-20.9620293173748
0.753067203808826,-22.4512009429192
0.753524995422084,-20.4613422154783
0.753982787035341,-18.9857188960663
0.754440578648599,-17.7803212403129
0.754898370261857,-18.0690973494201
0.755356161875114,-18.3891467965113
0.755813953488372,-16.1661484267781
0.75627174510163,-16.2851314003179
0.756729536714887,-15.0686181691207
0.757187328328145,-15.9426373894441
0.757645119941403,-16.2394382119446
0.75810291155466,-15.737077126462
0.758560703167918,-14.7802340609346
0.759018494781175,-14.2416820966063
0.759476286394433,-14.4472113359238
0.759934078007691,-13.7871704166399
0.760391869620948,-13.9403326928033
0.760849661234206,-13.641700137861
0.761307452847464,-13.9029146526214
0.761765244460721,-14.1938512308443
0.762223036073979,-13.3772513623029
0.762680827687237,-12.5136230151712
0.763138619300494,-11.4923961651411
0.763596410913752,-11.9917419035972
0.76405420252701,-13.9360812230374
0.764511994140267,-13.9438708941177
0.764969785753525,-13.2491896411987
0.765427577366783,-15.3743155576105
0.76588536898004,-14.7767744071081
0.766343160593298,-11.8051109416054
0.766800952206556,-13.0299985900248
0.767258743819813,-11.6636016833694
0.767716535433071,-12.9481796097911
0.768174327046328,-13.9020195835549
0.768632118659586,-12.130955980479
0.769089910272844,-12.0131909643953
0.769547701886101,-12.7163655575207
0.770005493499359,-12.4392322152999
0.770463285112617,-12.7048393768373
0.770921076725874,-12.4212158501661
0.771378868339132,-12.4974136158385
0.77183665995239,-14.248125818504
0.772294451565647,-13.5750328789164
0.772752243178905,-14.8424419839882
0.773210034792163,-14.1795764374327
0.77366782640542,-12.179699068742
0.774125618018678,-14.593358165349
0.774583409631936,-12.6121062103945
0.775041201245193,-12.6018902360679
0.775498992858451,-12.6492932991132
0.775956784471708,-13.149427693091
0.776414576084966,-12.2422516745991
0.776872367698224,-12.1366157466151
0.777330159311481,-13.2632338705864
0.777787950924739,-11.2670673589149
0.778245742537997,-13.0644774841008
0.778703534151254,-11.6790953370157
0.779161325764512,-12.7983896115983
0.77961911737777,-13.0999880954205
0.780076908991027,-12.6732330690693
0.780534700604285,-13.6541656243692
0.780992492217543,-12.9306993233913
0.7814502838308,-11.8618077217997
0.781908075444058,-13.3329328648209
0.782365867057315,-12.7242320469243
0.782823658670573,-12.4059009432761
0.783281450283831,-12.1023580152164
0.783739241897088,-11.8501359596876
0.784197033510346,-13.2268343671342
0.784654825123604,-12.5869508355674
0.785112616736861,-13.0955856689494
0.785570408350119,-12.6168339788302
0.786028199963377,-11.7185339256979
0.786485991576634,-12.9871971510946
0.786943783189892,-12.5897761460502
0.78740157480315,-11.9601754727036
0.787859366416407,-14.2700244403662
0.788317158029665,-11.8815602064143
0.788774949642922,-12.3628751982841
0.78923274125618,-11.8542861791776
0.789690532869438,-13.3030638320126
0.790148324482695,-13.4703902890526
0.790606116095953,-12.2365826494314
0.791063907709211,-13.0048070111163
0.791521699322468,-14.0449489195318
0.791979490935726,-12.4993608387214
0.792437282548984,-14.7575941545284
0.792895074162241,-12.6089269557791
0.793352865775499,-12.1102183519882
0.793810657388757,-12.2029403943255
0.794268449002014,-12.4750008370105
0.794726240615272,-13.6442478202542
0.795184032228529,-12.9104183522823
0.795641823841787,-13.1763948457824
0.796099615455045,-12.8493239365455
0.796557407068302,-11.9264818120865
0.79701519868156,-12.4297104771547
0.797472990294818,-11.7434341659609
0.797930781908075,-13.1029057438483
0.798388573521333,-12.9610406804374
0.798846365134591,-12.2799312490121
0.799304156747848,-14.9030492050328
0.799761948361106,-14.6025585534507
0.800219739974364,-13.8616131833402
0.800677531587621,-12.337562373858
0.801135323200879,-14.6830228727286
0.801593114814137,-13.8550251236219
0.802050906427394,-13.0557840342079
0.802508698040652,-13.5109570895934
0.802966489653909,-13.9526041463232
0.803424281267167,-12.321924075158
0.803882072880425,-13.1595396907658
0.804339864493682,-12.959826085298
0.80479765610694,-13.7380220001157
0.805255447720198,-12.7214615348284
0.805713239333455,-12.6864544580214
0.806171030946713,-12.0745976060537
0.806628822559971,-12.5949683204266
0.807086614173228,-14.9017994068926
0.807544405786486,-11.470627583642
0.808002197399744,-13.2233192002681
0.808459989013001,-13.9293017938743
0.808917780626259,-12.6431358820101
0.809375572239517,-12.5760353194691
0.809833363852774,-12.6642154806182
0.810291155466032,-11.428711086194
0.810748947079289,-14.4030377700226
0.811206738692547,-13.1986746221593
0.811664530305805,-13.8204630968368
0.812122321919062,-12.7237220607536
0.81258011353232,-12.7872064200348
0.813037905145578,-12.4283338758001
0.813495696758835,-12.4946518948743
0.813953488372093,-14.3561436071195
0.814411279985351,-12.3578250483185
0.814869071598608,-13.8633030497027
0.815326863211866,-13.7917364747089
0.815784654825124,-13.8844140764014
0.816242446438381,-12.5651016342886
0.816700238051639,-12.1354790672533
0.817158029664896,-14.8668981632631
0.817615821278154,-13.7256399607518
0.818073612891412,-12.5005206852146
0.818531404504669,-13.9802951503334
0.818989196117927,-13.2366168489971
0.819446987731185,-13.2978060222255
0.819904779344442,-13.420746742532
0.8203625709577,-12.7795856856708
0.820820362570958,-11.8786366628164
0.821278154184215,-12.7921769342205
0.821735945797473,-13.4568071763638
0.822193737410731,-13.4722991182783
0.822651529023988,-12.770611037961
0.823109320637246,-13.1939132128361
0.823567112250503,-13.446394693159
0.824024903863761,-12.3210052416863
0.824482695477019,-13.0048547834154
0.824940487090276,-14.2240305528535
0.825398278703534,-12.7204622423876
0.825856070316792,-13.2157477334398
0.826313861930049,-13.5549603464356
0.826771653543307,-13.4983242314539
0.827229445156565,-13.5744828855906
0.827687236769822,-13.3629377556183
0.82814502838308,-13.2373179575513
0.828602819996338,-13.1465351700651
0.829060611609595,-11.237157850426
0.829518403222853,-15.3688596540141
0.829976194836111,-14.2467851407236
0.830433986449368,-13.9271497456457
0.830891778062626,-11.9722440006033
0.831349569675883,-14.1637752228769
0.831807361289141,-14.3797926789378
0.832265152902399,-15.0640779523922
0.832722944515656,-12.9336792474158
0.833180736128914,-14.0629706633286
0.833638527742172,-13.3796797359867
0.834096319355429,-11.7635498895661
0.834554110968687,-12.3030256379157
0.835011902581945,-12.7686931796555
0.835469694195202,-12.9630090559414
0.83592748580846,-14.2203429808215
0.836385277421718,-11.8484991416952
0.836843069034975,-13.0214894227074
0.837300860648233,-13.2820656517729
0.83775865226149,-12.2751194197493
0.838216443874748,-13.0490706951
0.838674235488006,-14.2934024776257
0.839132027101263,-13.420825354342
0.839589818714521,-13.2882500141505
0.840047610327779,-12.9532263986036
0.840505401941036,-13.4886277021884
0.840963193554294,-14.2149700646811
0.841420985167552,-11.1582742555741
0.841878776780809,-14.7423378356129
0.842336568394067,-16.7504780583831
0.842794360007325,-15.6083752000538
0.843252151620582,-13.9491839232514
0.84370994323384,-9.90389512246654
0.844167734847098,-11.6599679255389
0.844625526460355,-12.2219304346308
0.845083318073613,-12.5616072567496
0.84554110968687,-11.8588997146868
0.845998901300128,-12.8565422488091
0.846456692913386,-13.5318629773992
0.846914484526643,-12.4341189157975
0.847372276139901,-11.8311533337648
0.847830067753159,-13.0948170265272
0.848287859366416,-12.8721236225027
0.848745650979674,-11.9026156294734
0.849203442592932,-12.8237153479355
0.849661234206189,-12.6203334758754
0.850119025819447,-13.6109815557504
0.850576817432705,-13.1830376060949
0.851034609045962,-12.4866612492269
0.85149240065922,-13.0954326932574
0.851950192272477,-13.3307543375481
0.852407983885735,-13.2620415354122
0.852865775498993,-13.5434074830521
0.85332356711225,-12.1588737926856
0.853781358725508,-11.6952797305658
0.854239150338766,-13.3996824332597
0.854696941952023,-10.8838456309699
0.855154733565281,-13.226165351236
0.855612525178539,-13.9187404253697
0.856070316791796,-12.3848484674765
0.856528108405054,-13.5053005460466
0.856985900018312,-12.0900299522057
0.857443691631569,-13.9982238978734
0.857901483244827,-12.197393450842
0.858359274858085,-12.5336513383403
0.858817066471342,-12.9581551975087
0.8592748580846,-11.8625385315801
0.859732649697857,-12.1644368707038
0.860190441311115,-13.1582213406515
0.860648232924373,-12.8116891125548
0.86110602453763,-14.2712357559801
0.861563816150888,-12.715416705239
0.862021607764146,-13.7676279323307
0.862479399377403,-12.9931380752706
0.862937190990661,-12.8327299424641
0.863394982603919,-13.7592672216724
0.863852774217176,-14.2113878848303
0.864310565830434,-14.5542425102799
0.864768357443692,-14.1450458370043
0.865226149056949,-12.2943339639239
0.865683940670207,-13.6536216264953
0.866141732283464,-13.3161116266279
0.866599523896722,-12.9423945243175
0.86705731550998,-12.8330883748003
0.867515107123237,-14.1949051511049
0.867972898736495,-12.2774398553082
0.868430690349753,-12.508036748436
0.86888848196301,-15.2985485946941
0.869346273576268,-14.6098356422635
0.869804065189526,-15.36178447533
0.870261856802783,-12.9260778328267
0.870719648416041,-13.1511829961986
0.871177440029299,-11.8438407648602
0.871635231642556,-13.7570936569938
0.872093023255814,-12.2986594591768
0.872550814869071,-13.9623441534524
0.873008606482329,-13.2639557084263
0.873466398095587,-14.1661848425196
0.873924189708844,-12.8382958660591
0.874381981322102,-11.7661523620672
0.87483977293536,-14.1312486614215
0.875297564548617,-13.160707611436
0.875755356161875,-12.9739239187062
0.876213147775133,-13.7163154186094
0.87667093938839,-13.4204479758787
0.877128731001648,-12.1136648296355
0.877586522614906,-13.2671345384694
0.878044314228163,-12.7711460073225
0.878502105841421,-13.7325515047354
0.878959897454679,-12.4945689836239
0.879417689067936,-13.9566228840086
0.879875480681194,-12.0421075573909
0.880333272294451,-12.3587750642741
0.880791063907709,-13.8219569544575
0.881248855520967,-13.6031232730862
0.881706647134224,-13.6904082009242
0.882164438747482,-12.8443099473439
0.88262223036074,-13.3950938217673
0.883080021973997,-13.6357642158746
0.883537813587255,-12.7789331446804
0.883995605200513,-12.7002740672095
0.88445339681377,-13.6026837660748
0.884911188427028,-13.5871249605128
0.885368980040286,-12.4929755814006
0.885826771653543,-13.8275283364748
0.886284563266801,-12.7098567209404
0.886742354880058,-13.5031753201248
0.887200146493316,-12.117139505263
0.887657938106574,-14.3624000606582
0.888115729719831,-13.2419603883989
0.888573521333089,-13.7971608993337
0.889031312946347,-14.7920280066974
0.889489104559604,-14.0753492028587
0.889946896172862,-14.9787727528395
0.89040468778612,-13.0070659390448
0.890862479399377,-14.5964943926874
0.891320271012635,-13.341365171757
0.891778062625893,-14.1694108083137
0.89223585423915,-14.4783007829715
0.892693645852408,-14.6996849888307
0.893151437465666,-14.7086923627442
0.893609229078923,-13.6958979463374
0.894067020692181,-13.7151935232759
0.894524812305439,-14.1836474426413
0.894982603918696,-14.0654028166497
0.895440395531954,-12.8182792838223
0.895898187145211,-13.2226275663624
0.896355978758469,-13.2378735800309
0.896813770371727,-12.8027540771552
0.897271561984984,-14.9503375082645
0.897729353598242,-12.3999470110022
0.8981871452115,-13.2591795024329
0.898644936824757,-11.4439439843834
0.899102728438015,-12.2719720173718
0.899560520051273,-12.3579850804634
0.90001831166453,-14.5953782522427
0.900476103277788,-12.5522894019739
0.900933894891045,-14.3267999905237
0.901391686504303,-12.39050980745
0.901849478117561,-13.8446971456103
0.902307269730818,-15.4329264449831
0.902765061344076,-12.8996592570487
0.903222852957334,-13.3010549388337
0.903680644570591,-12.5715775883674
0.904138436183849,-13.2140027071428
0.904596227797107,-11.9836172639161
0.905054019410364,-14.8661440635827
0.905511811023622,-14.1571259743612
0.90596960263688,-14.0344170449232
0.906427394250137,-14.0639791565448
0.906885185863395,-15.3679266828481
0.907342977476652,-13.4927883537194
0.90780076908991,-14.4107886225392
0.908258560703168,-16.2670892147367
0.908716352316425,-12.5346524128811
0.909174143929683,-12.805962840692
0.909631935542941,-12.6968357574963
0.910089727156198,-14.3512618929901
0.910547518769456,-13.7390676431861
0.911005310382714,-12.7909411337177
0.911463101995971,-13.9969913729992
0.911920893609229,-14.1908539166207
0.912378685222487,-14.7222951309275
0.912836476835744,-13.9322202566609
0.913294268449002,-14.5360938455489
0.91375206006226,-14.3591839943196
0.914209851675517,-13.5825796533631
0.914667643288775,-13.6769350403064
0.915125434902032,-13.9329654246236
0.91558322651529,-13.7178860091086
0.916041018128548,-13.8141251489385
0.916498809741805,-16.1120173719774
0.916956601355063,-12.6345529456401
0.917414392968321,-12.9344822784047
0.917872184581578,-13.3469734523805
0.918329976194836,-13.6279179845636
0.918787767808094,-14.7113850809564
0.919245559421351,-14.8183087227826
0.919703351034609,-14.396888139791
0.920161142647867,-14.7866090550085
0.920618934261124,-13.6228570471242
0.921076725874382,-13.4248355621421
0.92153451748764,-14.8541495496284
0.921992309100897,-13.5523389987465
0.922450100714155,-13.0246558176808
0.922907892327412,-14.6673233417254
0.92336568394067,-14.0648815539823
0.923823475553928,-14.8599127184676
0.924281267167185,-16.6587790211243
0.924739058780443,-14.6091864027826
0.925196850393701,-14.6123362151396
0.925654642006958,-15.3550747509935
0.926112433620216,-13.8076366665628
0.926570225233474,-15.1414707516794
0.927028016846731,-13.6839395670184
0.927485808459989,-12.9264410651202
0.927943600073247,-14.6160091855396
0.928401391686504,-13.9842472579009
0.928859183299762,-13.5685019347646
0.92931697491302,-14.1170045533273
0.929774766526277,-14.1042857725139
0.930232558139535,-14.3815978843577
0.930690349752793,-13.4282535610928
0.93114814136605,-12.1191973140291
0.931605932979308,-13.7797425378505
0.932063724592565,-12.6400883961696
0.932521516205823,-13.0443888784702
0.932979307819081,-16.0001776201595
0.933437099432338,-13.9951153035628
0.933894891045596,-12.6378044837368
0.934352682658854,-13.8758931029278
0.934810474272111,-13.2038622083267
0.935268265885369,-13.1665803168352
0.935726057498627,-14.4100908117782
0.936183849111884,-12.5326006787037
0.936641640725142,-14.563306223
0.9370994323384,-12.7948087857971
0.937557223951657,-13.1547508189213
0.938015015564915,-16.260395129026
0.938472807178172,-14.1012753936186
0.93893059879143,-13.8972618065013
0.939388390404688,-13.3616525667586
0.939846182017945,-14.2154054806986
0.940303973631203,-13.628989134788
0.940761765244461,-13.4549267750582
0.941219556857718,-13.0428703909918
0.941677348470976,-13.8558280522964
0.942135140084233,-15.4544381679277
0.942592931697491,-14.2929970886648
0.943050723310749,-12.8401639876657
0.943508514924006,-13.4065129193639
0.943966306537264,-14.447883103655
0.944424098150522,-14.9989440810431
0.944881889763779,-14.6947809873276
0.945339681377037,-13.6563391382518
0.945797472990295,-13.6538647132777
0.946255264603552,-13.0085491706055
0.94671305621681,-13.7220418547883
0.947170847830068,-13.5005046328938
0.947628639443325,-14.7815220981216
0.948086431056583,-15.4585972855225
0.948544222669841,-14.9181106588346
0.949002014283098,-13.931753901119
0.949459805896356,-13.4460811413794
0.949917597509613,-13.3310841607268
0.950375389122871,-13.7476062902502
0.950833180736129,-13.7753906845626
0.951290972349386,-13.6094422408202
0.951748763962644,-13.2696767050646
0.952206555575902,-15.2441970938728
0.952664347189159,-14.0771842335031
0.953122138802417,-16.6001861503289
0.953579930415675,-15.8316842819758
0.954037722028932,-14.7561068611465
0.95449551364219,-14.4026032749822
0.954953305255448,-15.7753544110428
0.955411096868705,-17.7508727036616
0.955868888481963,-15.0589735598475
0.956326680095221,-15.9464871308175
0.956784471708478,-15.3933075258584
0.957242263321736,-16.4220114604156
0.957700054934994,-17.9269979461632
0.958157846548251,-18.1713095777069
0.958615638161509,-17.3883590289456
0.959073429774766,-17.5957493804156
0.959531221388024,-18.2455412209365
0.959989013001282,-18.9631191937922
0.960446804614539,-19.2124014454413
0.960904596227797,-19.423383172626
0.961362387841055,-20.0393180374698
0.961820179454312,-21.6924893685841
0.96227797106757,-21.435882872397
0.962735762680828,-21.6558006832447
0.963193554294085,-21.1360930856435
0.963651345907343,-22.9316591420537
0.964109137520601,-25.6340719943406
0.964566929133858,-26.8416986082371
0.965024720747116,-27.3636424447555
0.965482512360374,-31.0261869440771
0.965940303973631,-32.0426201527575
0.966398095586889,-30.475620374474
0.966855887200146,-34.7569247889143
0.967313678813404,-35.2820647282907
0.967771470426662,-37.9060007787817
0.968229262039919,-39.1613323452499
0.968687053653177,-40.2690094039992
0.969144845266435,-40.3656728775079
0.969602636879692,-41.4443795858925
0.97006042849295,-39.5813468336929
0.970518220106208,-40.3063861281348
0.970976011719465,-40.4462328459407
0.971433803332723,-41.0488995935255
0.971891594945981,-40.6818452864949
0.972349386559238,-39.921018420941
0.972807178172496,-42.5389545503081
0.973264969785753,-40.780540131153
0.973722761399011,-40.488169465156
0.974180553012269,-40.2379097605935
0.974638344625526,-38.7149207225344
0.975096136238784,-40.3988476445184
0.975553927852042,-39.8753055524265
0.976011719465299,-40.7921133323901
0.976469511078557,-40.0500172487356
0.976927302691814,-40.9474135560678
0.977385094305072,-40.3871616137281
0.97784288591833,-40.5800308203057
0.978300677531587,-40.7380273526718
0.978758469144845,-40.7091763682517
0.979216260758103,-42.1382695070189
0.97967405237136,-41.0053695780675
0.980131843984618,-42.1331542610699
0.980589635597876,-40.2055062342293
0.981047427211133,-39.7762469591292
0.981505218824391,-40.5296546974242
0.981963010437649,-40.2542734487753
0.982420802050906,-40.5735117490207
0.982878593664164,-40.8724284748141
0.983336385277422,-41.054102043695
0.983794176890679,-41.222319676039
0.984251968503937,-42.6620177718888
0.984709760117195,-41.1449841026558
0.985167551730452,-41.435219434931
0.98562534334371,-41.6246067684557
0.986083134956967,-41.6118948410474
0.986540926570225,-41.3724988567492
0.986998718183483,-40.2188282281539
0.98745650979674,-40.2908365542211
0.987914301409998,-40.7482004534724
0.988372093023256,-40.6803613617024
0.988829884636513,-42.0624338013664
0.989287676249771,-41.4132291688379
0.989745467863029,-40.2358913167004
0.990203259476286,-40.5820248669546
0.990661051089544,-40.6248815974275
0.991118842702802,-40.9887121377238
0.991576634316059,-40.875464139525
0.992034425929317,-40.06352263518
0.992492217542575,-40.0081102379153
0.992950009155832,-41.0719847745617
0.99340780076909,-41.1063439557153
0.993865592382348,-40.6795552132545
0.994323383995605,-40.3437430589828
0.994781175608863,-42.814984954178
0.99523896722212,-41.1124728412836
0.995696758835378,-40.8573065795586
0.996154550448636,-41.0202485769996
0.996612342061893,-40.8755309584824
0.997070133675151,-40.4939455367742
0.997527925288409,-40.7905586369681
0.997985716901666,-40.5140855980399
0.998443508514924,-41.5442739995755
0.998901300128182,-40.4466478375554
0.999359091741439,-40.4341969312574
0.999816883354697,-40.757328573677
